id,title,summary,image,content,created_at,updated_at,tags,categorie,views,date_occured
1,"IF Sertão-PE Salgueiro: A Luta, a Conquista e a Memória do Polo Educacional do Sertão.","Relembre a jornada épica do Campus Salgueiro, desde o sonho de 2007 até o início das primeiras aulas em 2010, um marco na educação do Sertão.",A3DmMMiNi5.webp,"Em 2007, nascia em Salgueiro, no coração do Sertão pernambucano, mais que uma instituição: nascia um **sonho coletivo** de interiorização da educação profissional e tecnológica.

Hoje, olhamos para trás com profunda nostalgia e valorização por cada passo dado. Este é um momento de recordação das conquistas que pavimentaram o caminho do **Campus Salgueiro**, uma verdadeira referência em desenvolvimento regional.

### O Pontapé Inicial de uma Grande Missão

Tudo começou com a visão audaciosa do Plano de Expansão da Rede Federal. A presença da então prefeita Cleuza Pereira em Brasília, em 2007, foi o reflexo de um anseio comunitário que clamava por mais oportunidades. A doação oficial do terreno naquele mesmo ano garantiu que o projeto saísse do papel com a força da comunidade.

A concretização do futuro foi desenhada numa audiência pública histórica no início de 2008. Lideranças regionais se uniram para definir a matriz curricular, garantindo cursos com impacto direto. Os pilares da formação profissional eram erguidos, com previsão de:

- **Técnicos:** Agropecuária, Edificações, Agroindústria e Informática.

- **Superiores:** Saneamento Ambiental e Tecnologia de Alimentos.


> Uma promessa de futuro!

### A Estrutura de Elite e o Investimento no Saber

Entre 2008 e 2010, o _Campus Salgueiro do IF Sertão-PE_ (antigo CEFET) se materializou às margens da BR-232, fruto de um investimento robusto do Governo Federal de aproximadamente **R$ 2,9 milhões**. O que se construiu não foi apenas um prédio, mas um complexo de **4.962 m²** dedicado ao saber.

Conforme noticiado na época, em maio de 2010, as obras estavam praticamente concluídas e a unidade se preparava para ser uma das primeiras do estado a entrar em funcionamento. O complexo contava com uma infraestrutura impressionante:

- **9 salas de aula**, com capacidade para 35 alunos cada;

- **8 laboratórios** de cursos específicos;

- **Biblioteca, sala de vídeo conferência e auditório** com 120 lugares;

- **Laboratórios especializados** para processamento de vegetais, carne e leite, impulsionando a agroindústria regional.

Com o corpo docente selecionado e a mobília instalada, a contagem regressiva começou em maio de 2010. Finalmente, em uma data histórica, **3 de agosto de 2010**, o Campus Salgueiro abriu suas portas, transformando para sempre o panorama educacional do Sertão.

**Uma conquista que merece ser eternamente valorizada!**","2025-12-14 22:28","2025-12-14 22:54","Salgueiro, IFSertãoPE, Educação, Nostalgia, 2007","História",0,2007
2,"17 de Agosto de 2010: O Dia em que Lula e Haddad Plantaram o Futuro no Sertão com o IFSertãoPE.","Relembre a emoção da inauguração do Campus Salgueiro, onde Lula destacou a educação como chave para a transformação do Sertão em 2010.",vcSoGQCYvl.webp,"Há mais de uma década, Salgueiro viveu um dia histórico que mudaria para sempre o seu destino. Em **17 de agosto de 2010**, na cerimônia de inauguração do **Campus Salgueiro do IF Sertão-PE**, uma semente de transformação foi plantada.

Olhamos para trás com profunda emoção, lembrando-nos daquele momento que celebrou a luta da comunidade e a visão de um futuro construído sobre o alicerce do conhecimento. O que aconteceu naquele dia foi muito além da abertura de um novo prédio; foi a confirmação de que o desenvolvimento chegaria ao Sertão pela força da gente e da educação profissional.

## A Força do Sonho e a Voz da Transformação

Em seu discurso, o então Presidente Lula lembrou a todos que uma nação não se constrói apenas com território, mas com _""gente, com sonhos, com vidas que florescem através da educação""_.

A inauguração, conduzida também pelo então ministro da Educação, Fernando Haddad (conforme relatado pelo [Orquestra do Sertão Blog](https://orquestradosertao.blogspot.com/2010/08/inauguracao-do-if-campus-salgueiro.html?m=1) e o [Portal IFSertãoPE](https://ifsertaope.edu.br/salgueiro/institucional/sobre-o-campus/)), simbolizou a chegada de um projeto ousado: transformar o Sertão pela força do conhecimento.

### Um Apelo à Juventude

O momento mais inspirador foi o apelo direto aos jovens. Como registrado no vídeo histórico produzido pela equipe do **memoriAção** [[01:03](http://www.youtube.com/watch?v=O4i9UjAQ_zI&t=63)], o Presidente fez um pedido fervoroso:

> _""Pelo amor de Deus, meninos e meninas desse sertão nordestino, vocês têm que transformar quase que em profissão de fé a vontade de estudar de vocês.""_ [[01:12](http://www.youtube.com/watch?v=O4i9UjAQ_zI&t=72)]

Essa mensagem ressoava a crença de que o conhecimento é o caminho para a liberdade. O cerne era claro: a educação como instrumento de justiça social. Lula afirmou seu desejo de que os filhos dos pobres tenham as chances que as gerações passadas não tiveram [[02:03](http://www.youtube.com/watch?v=O4i9UjAQ_zI&t=123)], reforçando que é **obrigação do Estado brasileiro** garantir a todos os jovens o direito de estudar [[02:30](http://www.youtube.com/watch?v=O4i9UjAQ_zI&t=150)].

## O Legado que Brota no Chão Árido

Cada sala, cada laboratório e cada livro aberto carrega a esperança plantada naquele agosto de 2010. Por aqui, já passaram gerações que encontraram:

- Formação profissional de excelência;

- Coragem e independência;

- Consciência de seu papel no mundo.

Como sementes que brotam no chão árido, vidas se renovam a cada diploma e a cada nova história que se espalha para além do Sertão. O verdadeiro legado vai além das paredes; ele se renova em cada estudante que cruza os portões do campus com a certeza de que o saber muda realidades.

**Uma memória que inspira e um futuro que continua sendo escrito!**

---

### 🎥 Assista ao Registro Histórico

Você pode conferir os detalhes desse dia emocionante no vídeo oficial do projeto **memoriAção**:  [Inauguração do Campus Salgueiro do IFSertãoPE](https://youtu.be/O4i9UjAQ_zI)","2025-12-14 23:24","2025-12-14 23:24","Lula, Haddad, IFSertãoPE, Sertão, Educação, Inauguração","Eventos Históricos",0,2010
4,"1° Mostra Sensorial de Tecnologia em Alimentos 2014","A ciência do sabor encontra a comunidade na primeira Mostra Sensorial do Campus Salgueiro em 2014.",I6BfDaNwKX.webp,"No ano de 2014, o cenário urbano de Salgueiro testemunhou o nascimento de uma iniciativa que uniria o rigor acadêmico à vivência popular. A **Praça da Academia da Cidade** transformou-se em um laboratório a céu aberto durante a **1ª Mostra Sensorial de Tecnologia em Alimentos**.

Ali, o Campus Salgueiro do IFSertãoPE dava um passo decisivo para levar o conhecimento científico diretamente ao paladar e ao coração da comunidade sertaneja.

### O Despertar dos Sentidos e a Ciência no Cotidiano

O que se viu naquela praça foi muito além de uma exposição; foi uma celebração da inteligência aplicada à nossa realidade regional. Estudantes do curso de Tecnologia em Alimentos criaram estações onde os protagonistas eram:

- **Visão:** A estética e a cor dos alimentos processados.

- **Olfato e Tato:** A textura e o aroma da matéria-prima transformada.

- **Paladar:** A prova final da segurança e do valor nutritivo.


Cada sorriso de surpresa ao provar um sabor novo confirmava que a educação profissional estava cumprindo seu papel social. A relevância foi tamanha que a mídia local registrou o momento, mostrando a todo o Sertão que o IF era, acima de tudo, um **motor de inovação e desenvolvimento humano**.

### O Início de uma Tradição de Excelência

Olhando para trás, percebemos que aquela primeira edição plantou uma semente de curiosidade e respeito pela profissão. Foi o momento em que os alunos sentiram a responsabilidade de serem **tradutores da ciência para o povo**.

> A Mostra Sensorial de 2014 provou que, quando a academia se dispõe a ouvir e servir a comunidade, o aprendizado se torna muito mais profundo e transformador.

### O Legado do Gosto

Hoje, celebramos aquela experiência como o marco inicial de um diálogo contínuo. Os frutos colhidos naquela tarde na praça continuam a:

1. Alimentar o desejo de jovens de ingressar na área de tecnologia alimentar.
   
2. Mudar a percepção do povo sobre suas próprias capacidades e riquezas regionais.
   
3. Reafirmar que o **sabor do conhecimento** é a melhor colheita que podemos oferecer.
","2025-08-30 18:59:53","2025-08-30 19:45:26","alimentos, mostra_sensorial, tecnologia, extensao, ciencia","Eventos e Extensão",0,2014
5,"2° Mostra Sensorial de Tecnologia em Alimentos 2015","A consolidação de um projeto que transformou a Praça da Academia da Cidade em um polo de ciência e sabor.",mH31MXBJwr.webp,"O ano de 2015 marcou a consolidação de um dos projetos mais emblemáticos do **Campus Salgueiro do IFSertãoPE**. Pelo segundo ano consecutivo, a Praça da Academia da Cidade foi o palco da **II Mostra Sensorial de Tecnologia em Alimentos**, um evento que já não era mais apenas uma novidade, mas uma tradição aguardada pela população.

A ciência e a criatividade voltaram a se encontrar sob o sol do Sertão, provando que o conhecimento técnico é uma ferramenta poderosa de integração social e valorização da cultura local.

### O Impacto Real na Comunidade e o Reconhecimento Mediático

A maturidade do evento ficou evidente quando a equipe da **GRTV 2ª Edição** retornou para registrar cada detalhe. Quando a imprensa dedica espaço para cobrir uma iniciativa acadêmica pela segunda vez, fica claro que o impacto vai muito além das notas em sala de aula; trata-se de um fenômeno cultural e educativo que ressoa em toda a região.

Os estudantes, agora mais confiantes, apresentaram estações interativas onde a ciência dos alimentos era explicada de forma lúdica e acessível, transformando conceitos complexos de química e biologia em experiências sensoriais inesquecíveis.

### Proposta Pedagógica e Integração

A essência da Mostra é aproximar a graduação das pessoas comuns. Nas diferentes estações montadas na praça, os visitantes exploraram como:

- **Cor**

- **Textura**

- **Aroma**


Esses elementos influenciam diretamente a nossa percepção sobre o que comemos. Era o aprendizado na prática, onde o público não era apenas espectador, mas participante ativo de um experimento coletivo. Essa troca de saberes entre acadêmicos e cidadãos é o que dá sentido à existência dos Institutos Federais.

### Um Elo Inquebrável entre o IF e a Sociedade

O sucesso da edição de 2015 reforçou a relação de confiança entre o Campus Salgueiro e a sociedade salgueirense. Cada diagnóstico sensorial, cada explicação sobre conservação de alimentos e cada degustação orientada serviram para pavimentar um caminho de transparência e serviço público.

O IFSertãoPE mostrou, mais uma vez, que está de portas abertas para o desenvolvimento do Sertão, formando profissionais que entendem o mercado sem esquecer a humanidade no trato com o consumidor.

Ao relembrarmos este marco, renovamos nosso compromisso com a educação que transforma realidades. A **II Mostra Sensorial** foi uma afirmação de identidade e competência técnica. Um legado de inovação que continua a inspirar novas gerações de tecnólogos a buscarem a excelência através do serviço à sua gente e à sua terra.","2025-09-01 11:03:01","2025-09-02 16:11:22","alimentos, mostra_sensorial, grtv, comunidade, ensino","Eventos e Extensão",0,2015
6,"Instagram do Memoriação 01/09/2025","O projeto MemoriAção conquista as redes sociais, conectando história e tecnologia para preservar o futuro.",MxxbpvsqlE.webp,"Vivemos em uma era onde a memória precisa de novos suportes para continuar viva e pulsante. No mês de **julho de 2025**, o projeto **MemoriAção** deu um passo fundamental nessa jornada ao inaugurar seu [perfil oficial no Instagram](https://www.instagram.com/memoriacao/).

O que começou como uma proposta de extensão rapidamente se transformou em uma rede vibrante de conexões, alcançando a marca de mais de 160 seguidores em poucos dias. Esse crescimento orgânico reflete o desejo da comunidade em se reconhecer nas histórias que construíram o **Campus Salgueiro do IFSertãoPE**.

### Engajamento e a Força das Narrativas Digitais

Um dos momentos mais significativos nessa trajetória digital foi a publicação do vídeo histórico da inauguração do campus. Este post serviu como um catalisador de emoções, unindo:

- **Gerações pioneiras** que viveram o início do projeto;

- **Jovens atuais** que hoje usufruem de seus benefícios.


A interação constante mostra que a memória institucional não está em arquivos empoeirados, mas é uma força viva que inspira o presente. O objetivo do perfil **@memoriacao** vai além de fotos antigas; é um esforço curatorial para organizar a identidade cultural e institucional do Sertão Central.

> A tecnologia atua como a ponte necessária para que a história da educação profissional chegue às mãos de quem está construindo o amanhã.

### Preservando o Passado para Inspirar o Amanhã

O Instagram do MemoriAção tornou-se um espaço de encontro onde ex-alunos, servidores e a comunidade externa trocam relatos e fortalecem o sentimento de pertencimento. É a **democratização da história**, garantindo que as lutas do passado continuem a ressoar na juventude sertaneja.

Seguimos com entusiasmo, sabendo que a inovação e a memória caminham juntas para manter acesa a chama da valorização institucional. O futuro do nosso campus se sustenta sobre os alicerces sólidos das lembranças que escolhemos não esquecer.

**Siga, acompanhe e faça parte desta história que não para de crescer!**","2025-09-01 15:46:06","2025-09-07 22:14:15","redes_sociais, instagram, preservacao, historia, comunicacao","Comunicação Institucional",0,2025
7,"Quando a Física chegou ao Sertão: um marco no IF Sertão-PE","O dia em que o Sertão Central celebrou o início da formação de professores de Física, mudando a educação.",Yda3VJRQxg.webp,"Existem datas que ficam gravadas não apenas nos calendários oficiais, mas na própria alma de uma região. O dia **12 de abril** é um desses marcos indeléveis para o **Campus Salgueiro do IF Sertão-PE**.

Foi nesta manhã ensolarada que a comunidade acadêmica se reuniu para uma cerimônia que transcendia a burocracia escolar: a **aula inaugural do curso de licenciatura em Física**. Mais do que o início de um novo curso, aquele momento representava a quebra de um paradigma histórico e o nascimento de uma nova era para a educação científica no Sertão Central.

### A Ciência como Pilar de Desenvolvimento Regional

A presença do então reitor Rildo Diniz trouxe ao evento a solenidade que a ocasião exigia. Ao lado de docentes e estudantes pioneiros, ele destacou que a interiorização da ciência básica era uma dívida histórica que estava sendo paga.

Durante décadas, o Sertão sofreu com a carência de profissionais qualificados para o ensino de disciplinas de exatas, o que limitava as oportunidades de milhares de jovens. A chegada da Licenciatura em Física veio para preencher esse vácuo, oferecendo aos filhos e filhas da terra a chance de se tornarem os mestres que iriam inspirar as futuras gerações de:

- Cientistas;
- Engenheiros;
- Pesquisadores.

O curso foi pensado para dialogar com as necessidades reais da nossa região. A Física era apresentada ali como a base fundamental para o desenvolvimento tecnológico, para as inovações na área da saúde e para a compreensão dos fenômenos naturais do nosso semiárido.

### Um Legado de Conhecimento e Transformação Social

O entusiasmo que pairava no auditório naquela manhã era palpável. O objetivo era claro: formar professores que não apenas ensinassem fórmulas, mas que fossem **agentes de transformação social** através da educação científica.

> A Física chegava ao Sertão não como algo importado, mas como uma semente plantada em solo fértil, pronta para florescer em mentes curiosas e dedicadas.

Olhando para trás, percebemos que aquela aula inaugural foi o primeiro passo de uma jornada de sucesso. Hoje, os egressos daquele curso ocupam salas de aula em todo o estado, levando adiante a chama do conhecimento acesa naquele dia 12 de abril.

Celebramos essa memória com a certeza de que a ciência é a luz que dissipa as sombras da desigualdade. O **Campus Salgueiro** continua sendo o farol dessa transformação, provando que o Sertão é, sim, o berço da inteligência e da inovação brasileira.","2025-09-02 12:47:18","2025-09-12 17:03:21","fisica, licenciatura, educacao, ciencia, pioneirismo","Ensino e Graduação",0,2011
8,"2011: O edital que marcou o início de uma nova história no Campus Salgueiro","A ansiedade e o sonho de centenas de sertanejos que viram em um edital a chance de mudar de vida para sempre.",Iimq8jSngY.webp,"Era outubro de 2010 quando o ar em Salgueiro começou a vibrar com uma expectativa diferente. As palavras proferidas pelo Presidente Lula na inauguração do campus, em agosto, ainda ecoavam como uma promessa de dias melhores.

Mas foi em **2011**, com a publicação de um dos primeiros editais de ingresso, que essa promessa ganhou contornos de realidade concreta para centenas de famílias. Aquele documento não era apenas uma lista de normas; era a escritura de um novo futuro redigido pela educação profissional e tecnológica.

### A Porta de Entrada para o Mundo das Oportunidades

No dia **13 de outubro**, as inscrições foram abertas e o site do IF Sertão-PE tornou-se o destino mais acessado da região. O processo seletivo de 2011 oferecia caminhos diversos:

- **Técnico Integrado:** Edificações;

- **Técnico Integrado:** Manutenção e Suporte em Informática;

- **Subsequente:** Agropecuária.


Esses cursos soavam como códigos de acesso a um universo técnico até então restrito aos grandes centros urbanos. A jornada até o dia da prova, em **12 de dezembro**, foi marcada por estudos intensos e uma ansiedade compartilhada em cada esquina da cidade.

Quando o resultado final foi divulgado, as listas tornaram-se documentos sagrados: nomes de filhos de agricultores, comerciantes e trabalhadores autônomos apareciam ao lado da palavra **""Aprovado""**, selando o início de uma revolução pessoal e coletiva.

### O Nascimento de uma Identidade Acadêmica

O edital de 2011 consolidou o **Campus Salgueiro** como uma instituição viva. Os corredores, antes apenas concreto e vidro, ganharam vida com o burburinho dos novos alunos. Aquela seleção foi o marco zero para muitas carreiras que hoje brilham no mercado de trabalho nacional.

> O frio na barriga ao conferir o nome na lista transformou-se, ao longo dos anos, no orgulho de ostentar o diploma de uma das instituições mais respeitadas do país.

Hoje, celebramos a coragem daqueles primeiros estudantes que acreditaram no projeto quando tudo ainda era um sonho em construção. A memória daquele edital nos lembra que cada nome aprovado é uma vida que se transforma.

Continuamos a escrever esse livro, sabendo que cada novo processo seletivo é a oportunidade de plantar sementes de esperança no solo generoso do nosso Sertão. **Uma história de sucesso que começou no papel e hoje se traduz em milhares de sonhos realizados.**","2025-09-02 16:05:15","2025-09-02 16:06:41","processo_seletivo, ingresso, ensino_tecnico, sonhos, historia",Institucional,0,2011
9,"O primeiro aniversário do Campus Salgueiro: um dia para nunca esquecer","A celebração de um ano de conquistas, música e a consolidação de um sonho no coração do Sertão Central.",TgcxfXqE5Q.webp,"Na manhã radiante de **19 de agosto de 2011**, o ar em Salgueiro soprava com um frescor de vitória. O **Campus Salgueiro do IF Sertão-PE** completava seu primeiro ano de existência oficial, um marco que simbolizava a resistência e a esperança de uma comunidade que sempre acreditou no poder transformador da educação.

O que antes era apenas um projeto arquitetônico e uma promessa política, agora pulsava com a energia de centenas de jovens que encontravam ali o seu lugar no mundo.

### Cultura, Ciência e a Voz da Comunidade

O hall do campus transformou-se em um vibrante centro de descobertas. Estudantes de Licenciatura em Física apresentavam a **Experimentoteca**, onde a curiosidade científica tornava-se espetáculo diante de autoridades, prefeitos e vereadores da região.

A presença de ícones locais trouxe uma camada de emoção profunda ao evento:

- **Mestre Jaime:** Carnavalesco e símbolo da cultura local.
- **Maestro José Paixão:** Cuja melodia do saxofone entoou o hino da cidade.

Ficou claro que o Instituto Federal não era uma ilha, mas um porto seguro conectado às raízes de Salgueiro. A trajetória de crescimento era impressionante: em apenas doze meses, o corpo discente saltou de **190 para 600 alunos**. Como destacou a estudante Soraia Menezes na época, o campus preparava a juventude para as oportunidades industriais que chegavam à região.

### Um Legado Escrito com Alegria e Compromisso

O ponto culminante da festa contou com o corte do bolo ao som da **Big Band Carcará** e do maracatu **Nação Salgueirense**, selando o compromisso da gestão com a transparência e marcando o lançamento do site oficial.

> Olhar para os laboratórios equipados e para as áreas de campo da Agropecuária era ter a certeza de que o investimento em educação é o único caminho capaz de florescer no chão árido.

Hoje, ao revisitarmos essa memória, sentimos o mesmo frio na barriga daqueles pioneiros. O sucesso desse primeiro ano pavimentou a estrada para os milhares de alunos que viriam depois. O **Campus Salgueiro** provou ser um organismo vivo, resiliente e profundamente comprometido com a dignidade do povo sertanejo.

Uma história que continua sendo escrita a cada diploma entregue e a cada nova descoberta realizada em suas salas de aula.","2025-09-03 11:51:50","2025-09-12 17:01:59","aniversario, cultura, integracao, mestre_jaime, crescimento","Comemorações e Datas Históricas",0,2011
10,"O primeiro Arraiá do Cumpade IF: quando o São João chegou ao Campus Salgueiro","Cores, sabores e tradição marcaram a primeira celebração junina, unindo a academia à cultura nordestina.",SfeaFFrrjy.webp,"Junho é o mês em que o Sertão se veste de alegria, e em **2011**, essa tradição ganhou um novo e especial endereço: o estacionamento do recém-inaugurado **Campus Salgueiro**.

No dia **17 de junho**, sob o céu estrelado do interior pernambucano, aconteceu o primeiro **""Arraiá do Cumpade IF""**. Mais do que uma simples festividade, o evento foi o marco inicial de uma tradição que viria a fortalecer os laços de fraternidade entre estudantes, servidores e a comunidade externa, provando que a educação e a cultura popular caminham de mãos dadas.

### A Sanfona, o Milho e o Sentimento de Pertencimento

O cenário, decorado com bandeirinhas coloridas e palha de coqueiro, transformou o ambiente acadêmico em um verdadeiro arraial. Naquela noite, as hierarquias se dissolviam na dança; professores e alunos celebravam juntos a identidade nordestina. O evento contou com elementos clássicos da nossa terra:

- **Gastronomia:** Canjica, milho assado e bolo de fubá.
- **Sonoridade:** O som da zabumba, do triângulo e da sanfona.
- **Integração:** Uma quadrilha improvisada que uniu toda a comunidade.

O ""Arraiá do Cumpade IF"" nasceu da necessidade de criar espaços de convivência que fossem além das salas de aula. Era preciso que o campus tivesse a cara do povo, respirasse o forró e valorizasse o talento local. Cada sorriso capturado sob as luzes das gambiarras testemunhava a construção de uma comunidade acadêmica unida e orgulhosa de sua história.

### Uma Tradição que Fortalece a Identidade Sertaneja

Ao olharmos para o sucesso dos arraiás que se seguiram, percebemos que aquela primeira semente foi fundamental. Ela ensinou que a escola deve ser um lugar de vida plena, onde a cultura popular é respeitada como parte do processo educativo.

> O Arraiá de 2011 deixou um legado de integração que continua a pulsar nos corredores do campus a cada novo mês de junho. É a prova de que a ciência não anula a tradição, mas a potencializa.

Essa memória é um tributo a todos que ajudaram a pendurar as primeiras bandeirinhas. Hoje, o evento é uma das datas mais esperadas do calendário acadêmico, reforçando o papel social do **IFSertãoPE** como polo de preservação cultural.

**Uma história de festa e união que orgulha cada sertanejo que faz parte desta grande família!**","2025-09-04 13:15:07","2025-09-12 17:00:26","sao_joao, cultura_popular, tradicao, integracao, arraia","Cultura e Lazer",0,2011
11,"A primeira aula inaugural de Tecnologia em Alimentos no Campus Salgueiro","Um ritual de início que abriu as portas para a ciência e inovação alimentar no Sertão Central em 2011.",V7LcKYVzXC.webp,"O dia **22 de setembro de 2011** não foi apenas uma quinta-feira comum no **Campus Salgueiro**; foi o dia em que o Sertão Central deu as boas-vindas a uma nova fronteira do conhecimento.

A primeira **Aula Inaugural do curso superior de Tecnologia em Alimentos** marcou o início de uma trajetória de excelência acadêmica que viria a transformar a economia e a qualidade de vida da nossa região. Entre o brilho nos olhos dos primeiros graduandos e a seriedade dos docentes, sentia-se a atmosfera vibrante de quem estava prestes a protagonizar uma mudança histórica na educação profissional de Pernambuco.

### A Ciência Alimentar como Vetor de Transformação

A cerimônia não se limitou a discursos formais; ela foi o coração de uma intensa **Semana de Tecnologia de Alimentos**. O evento promoveu uma imersão total através de:

- **Palestras e Minicursos:** Onde a teoria ganhava formas e sabores.
-
- **Visitas Técnicas:** Aproximando os alunos da realidade industrial.
-
- **Eixos Temáticos:** Segurança alimentar, inovação em produtos regionais e responsabilidade social.


A aula inaugural funcionou como um ritual de passagem. Cada jovem ali presente compreendeu que sua missão ia muito além de obter um diploma: eles seriam os guardiões da qualidade do que chega à mesa do nosso povo.

### O Potencial do Semiárido

Relembrar esse momento é resgatar a coragem de uma instituição que apostou no potencial do semiárido para gerar tecnologia de ponta. O curso chegou para preencher uma lacuna vital, oferecendo suporte técnico para produtores locais e preparando profissionais para as crescentes demandas do mercado industrial.

### Sementes de Inovação em Solo Sertanejo

Hoje, ao vermos os frutos desse curso — profissionais bem posicionados, pesquisas premiadas e projetos de extensão que mudam vidas — percebemos a importância daquela primeira aula. Ela foi a semente de um polo de formação que hoje é referência em todo o Nordeste.

> O Campus Salgueiro orgulha-se de ter sido o palco onde o sonho da graduação superior em tecnologia tornou-se uma realidade palpável para os filhos da terra.

A aula inaugural de 2011 representa o compromisso inabalável do **IFSertãoPE** com a interiorização do ensino superior de qualidade. Que a emoção daquele dia continue a inspirar cada novo estudante que cruza nossos portões em busca de saber.

**Um marco de inteligência, trabalho e fé no potencial humano do nosso Sertão!**","2025-09-04 18:10:45","2025-09-12 16:59:06","alimentos, aula_inaugural, ensino_superior, inovacao, tecnologia","Ensino e Graduação",0,2011
12,"IF SertãoPE marca presença na V Expocapri em Salgueiro","A integração entre a academia e o setor agropecuário fortalece a economia regional na feira de caprinos.",F0rM5kico7.webp,"Entre os dias **28 e 30 de julho de 2011**, o Parque de Exposições Gumercindo Sampaio tornou-se o epicentro do desenvolvimento rural em Salgueiro.

A **5ª edição da Expocapri**  Exposição e Feira Especializada de Caprinos e Ovinos  não foi apenas um evento comercial, mas um palco de demonstração da força e da resiliência do produtor sertanejo. Para o **Campus Salgueiro do IF Sertão-PE**, participar dessa feira teve um significado profundo: era o momento de mostrar que a ciência e a tradição devem caminhar juntas para prosperar no semiárido.

### O Conhecimento Técnico no Campo de Prática

A presença de servidores e estudantes do curso **Técnico em Agropecuária** na Expocapri foi marcante. Longe das salas de aula convencionais, os jovens aplicaram na prática conhecimentos fundamentais:

- **Manejo e Sanidade Animal:** Apoio direto no cuidado com os rebanhos.

- **Torneio Leiteiro:** Auxílio técnico na recepção e monitoramento dos animais.

- **Nutrição e Genética:** Discussão de estratégias para aumentar a rentabilidade e qualidade.


Essa interação direta com produtores familiares e grandes criadores permitiu uma troca de saberes inestimável, onde a vivência do campo recebia o suporte científico necessário para evoluir.

### Motor do Desenvolvimento Regional

O IF Sertão-PE reafirmou sua missão de agente propulsor da economia local. A feira provou que a educação profissional é o motor que impulsiona a modernização do setor agropecuário, garantindo segurança alimentar e dignidade para as famílias sertanejas.

### Sustentabilidade e Futuro para o Semiárido

Olhando para trás, a participação na **V Expocapri** consolidou a relação de confiança entre o campus e os produtores da região. A memória daqueles dias nos lembra que o papel do Instituto Federal se materializa no curral e na roça, e não apenas nos livros.

> Foi um marco de integração que pavimentou o caminho para projetos de pesquisa e extensão que hoje são referência nacional.

Celebramos essa memória como um exemplo de como a educação é o diferencial competitivo de uma região. A dedicação de alunos e técnicos em julho de 2011 ainda ecoa nas práticas de manejo de muitos produtores locais. Continuamos comprometidos em levar a inovação para o campo, honrando a vocação sertaneja e construindo um futuro onde **tecnologia e amor à terra** se unem para transformar realidades.","2025-09-07 11:41:56","2025-09-12 16:57:32","agropecuaria, expocapri, extensao, desenvolvimento, caprinos","Eventos e Extensão",0,2011
13,"Matadouro Municipal: uma visita que fez história no campus Salgueiro","Técnicos e docentes unem esforços para garantir segurança sanitária e desenvolvimento em Salgueiro.",m4sq7AAjYn.webp,"No dia **14 de setembro de 2011**, um grupo de técnicos e docentes do **Campus Salgueiro do IF Sertão-PE** deu um passo decisivo em direção à saúde pública e ao desenvolvimento sustentável da nossa cidade.

A visita às instalações do futuro **Matadouro Municipal de Caprinos, Ovinos e Suínos** não foi apenas um ato administrativo; foi um gesto de compromisso social com a qualidade do alimento que chega à mesa dos cidadãos. Liderada pelo professor Amâncio Holanda, a equipe percorreu as obras, transformando o canteiro de construção em um espaço de análise técnica e responsabilidade compartilhada.

### A Educação a Serviço da Saúde Pública

A importância dessa visita residia no desejo de colaborar com soluções que garantissem padrões sanitários elevados e respeito ao meio ambiente. O IF Sertão-PE colocou sua expertise à disposição para orientar processos de:

- **Abate Seguro:** Garantindo a sanidade dos produtos de origem animal.

- **Erradicação de Abates Clandestinos:** Promovendo a modernização das práticas locais.

- **Sustentabilidade:** Discutindo o manejo correto dos resíduos e o impacto ambiental.


Ficou claro que o papel do campus extrapolava o ensino formal, agindo como um consultor técnico essencial para o progresso da infraestrutura urbana de Salgueiro.

### Integração entre Academia e Poder Público

Essa aproximação foi fundamental para assegurar que a população tivesse acesso a produtos processados com rigor e ética. Os docentes levaram para as salas de aula desafios reais, enriquecendo o currículo dos estudantes com problemas concretos da nossa realidade sertaneja.

### Um Compromisso com o Bem-Estar Regional

Ao relembrarmos esse momento, celebramos a coragem de uma instituição que não foge das questões críticas da sua comunidade. O legado dessa visita permanece como um exemplo de como o conhecimento científico pode mitigar riscos à saúde e impulsionar o desenvolvimento econômico de forma ordenada.

> O Campus Salgueiro reafirmou sua identidade como uma casa de saberes voltada para o bem comum, provando que a presença de um Instituto Federal muda a trajetória de uma cidade.

Hoje, colhemos os frutos dessa parceria com profissionais mais conscientes e sistemas de produção mais seguros. A história do Matadouro Municipal e a intervenção técnica do **IFSertãoPE** são partes de um mesmo mosaico de evolução e cuidado com a nossa gente.

**Uma memória de responsabilidade, ciência e amor à vida que continua a guiar nossas ações.**","2025-09-07 17:49:07","2025-09-12 16:55:47","saude_publica, parceria, agropecuaria, desenvolvimento, tecnica",Institucional,0,2011
14,"Memória em forma de jogo: o quiz do campus Salgueiro","A tecnologia mobile e a história se unem no Memoriação Quiz para preservar o legado do Campus Salgueiro.",ZwriMbCPZ6.webp,"Em meio à constante evolução tecnológica do ano de 2025, o **Campus Salgueiro do IFSertãoPE** encontrou uma forma inovadora e lúdica de manter viva sua trajetória.

O projeto **""Memoriação Quiz""** nasceu da união entre a extensão acadêmica e o desejo de eternizar os marcos da nossa instituição. Desenvolvido como um aplicativo móvel, o jogo transforma o resgate histórico em uma experiência interativa, provando que a memória institucional pode ser tão dinâmica quanto o futuro que estamos construindo.

### Educação, Gamificação e Identidade Institucional

Utilizando tecnologias modernas como **Expo** e **React Native**, o aplicativo oferece um mergulho profundo nos pilares da nossa casa: Ensino, Pesquisa e Extensão. O sistema foi pensado para ser engajador através de:

- **Desafios de Múltipla Escolha:** Uma oportunidade de aprendizado sobre os fatos que moldaram o campus.

- **Sistema de Ranking:** Estímulo à competição saudável entre estudantes, servidores e comunidade.

- **Emblemas Colecionáveis:** Símbolos de reconhecimento pelo conhecimento da nossa própria história.

- **Colaboração Ativa:** Funcionalidade que permite aos usuários criarem suas próprias questões, tornando o app um arquivo vivo.


O desenvolvimento deste software representa o ápice da integração entre o conhecimento técnico e o compromisso social, fortalecendo o sentimento de pertencimento dentro do universo digital.

### Um Registro Vivo que Atravessa o Tempo

Olhamos para esta ferramenta com a certeza de que a preservação do passado é o alicerce para as grandes conquistas do amanhã. O **Memoriação Quiz** não apenas diverte, mas educa e conecta gerações através de telas que agora contam histórias de superação e excelência.

> Cada rodada jogada é uma homenagem aos pioneiros e um incentivo aos novos ingressantes para que se sintam parte desta grande engrenagem de saber.

O aplicativo é, em essência, uma celebração da inteligência sertaneja aplicada à salvaguarda do nosso patrimônio imaterial. Em um mundo de informações efêmeras, o projeto **MemoriAção** escolhe a permanência, garantindo que a chama do conhecimento e o orgulho de nossa trajetória nunca se apaguem.

**É o passado e o presente dialogando em tempo real, ao alcance de um toque!**","2025-09-08 15:24:45","2025-09-15 15:46:10","tecnologia, quiz, gamificacao, mobile, extensao","Tecnologia e Inovação",0,2025
15,"Ciclo de palestras que semeou a pesquisa e inovação no IF Sertão-PE","O despertar da cultura científica no Sertão Central através de diálogos estratégicos e inovação em 2011.",iip5F0chb9.webp,"Nos dias **1º e 2 de dezembro de 2011**, os campi Ouricuri e Salgueiro tornaram-se o solo fértil para uma das mais importantes sementes da nossa história acadêmica.

A visita da Pró-Reitoria de Pesquisa, Inovação e Pós-Graduação não foi um encontro meramente formal, mas o lançamento de uma política institucional que mudaria a forma como o Sertão produz conhecimento. Aquele ciclo de palestras marcou o início de uma caminhada onde a ciência deixava de ser um conceito distante para se tornar uma prática cotidiana nas mãos de nossos estudantes e docentes.

### Fortalecendo as Bases da Excelência Científica

O foco central das discussões foi a implantação do **Núcleo de Inovação Tecnológica (NIT)** e o estímulo à proteção das tecnologias desenvolvidas em nossa casa. O evento trouxe avanços práticos para a instituição:

- **Acervo Técnico:** Entrega de livros sobre inovação para as bibliotecas locais.

- **Diagnóstico de Pesquisa:** Identificação das vocações regionais para soluções de problemas locais.

- **Políticas de Fomento:** Abertura de portas para que jovens sertanejos vislumbrassem carreiras como pesquisadores e inovadores.

Aquele momento representou a consolidação de um sonho: transformar o Sertão em um polo de desenvolvimento tecnológico e intelectual, rompendo barreiras históricas de acesso à pós-graduação.

### Um Legado de Conhecimento e Inovação Permanente

Hoje, ao olharmos para os laboratórios pulsantes e para a produção científica do **Campus Salgueiro**, reconhecemos o valor daqueles primeiros diálogos de 2011. O compromisso firmado naquele ciclo de palestras continua a nos guiar na busca por uma educação que não apenas ensina, mas cria e protege o conhecimento nacional.

> A inovação é o motor que impulsiona a nossa região rumo a um futuro de soberania tecnológica e justiça social.

Celebramos aquele encontro como o marco da maturidade acadêmica de nossos novos campi. As sementes plantadas floresceram em uma rede de pesquisadores dedicados que hoje levam o nome do **IFSertãoPE** para os mais importantes congressos do mundo.

**Uma história de visão, coragem e dedicação ao saber que continua a transformar a realidade do interior de Pernambuco.**","2025-09-08 16:52:26","2025-09-12 16:53:56","pesquisa, inovação, pós-graduação, ciência, biblioteca","Pesquisa e Pós-Graduação",0,2011
16,"Curso de Caprinovinocultura transforma vidas no Sertão","A união entre saber técnico e inclusão social fortalecendo 35 famílias na comunidade do Cruzeiro do Sul.",NAuLRD4DQ0.webp,"Em novembro de 2010, o **Campus Salgueiro do IF Sertão-PE** iniciou uma missão que ecoaria profundamente na zona rural da nossa região. O curso de **Caprinovinocultura de Corte**, na modalidade de Formação Inicial e Continuada (FIC), não foi apenas uma atividade de ensino, mas um ato de progresso para 35 famílias da comunidade do **Cruzeiro do Sul**.

Localizada a 47 km da cidade, essa comunidade encontrou no conhecimento técnico a ferramenta necessária para transformar sua realidade econômica e fortalecer a dignidade do trabalho no campo.

### Educação e Cidadania no Coração do Semiárido

Com uma carga horária de **160 horas**, o curso foi estruturado para unir a teoria necessária à prática do dia a dia sertanejo. O treinamento permitiu que os produtores compreendessem a importância da gestão eficiente do rebanho através de três pilares:

- **Nutricional:** Alimentação adequada para o rebanho do semiárido.

- **Sanitário:** Prevenção e controle de doenças.

- **Econômico:** Gestão de custos e controle de qualidade.


Esta parceria estratégica entre o **IF Sertão-PE**, a Prefeitura de Salgueiro, o IPA, Adagro, Banco do Nordeste e Sebrae demonstrou a força da cooperação institucional em prol do desenvolvimento sustentável e da erradicação da pobreza no Sertão Central.

### Inclusão Social e Autonomia

O impacto do projeto representou o fortalecimento da cidadania de famílias agricultoras. Ver os produtores dominando técnicas de manejo foi a prova de que a educação profissional é o melhor caminho para garantir a segurança alimentar e a autonomia financeira, valorizando as potencialidades naturais da nossa terra.

### Um Legado de Esperança e Desenvolvimento Rural

Hoje, relembramos o curso de Caprinovinocultura de 2010 como um marco fundador da nossa **identidade extensionista**. O sucesso daquelas turmas provou que o Campus Salgueiro nasceu com o propósito inabalável de levar a ciência até onde a vida acontece.

> As memórias daquelas famílias, hoje mais fortalecidas, são o maior diploma que nossa instituição poderia receber. É a transformação real que acontece quando a sala de aula se expande para dentro das propriedades rurais.

Este projeto continua sendo uma fonte de inspiração. Ele nos lembra que nossa missão é ser ponte entre o saber acadêmico e a sabedoria popular. A história da comunidade do Cruzeiro do Sul é parte integrante da história do **IFSertãoPE**, uma narrativa de aprendizado e superação que orgulha cada servidor e estudante que acredita na força do semiárido brasileiro.","2025-09-08 20:13:43","2025-09-12 16:43:27","caprinovinocultura, extensao, inclusao_social, agricultura_familiar, parceria","Eventos e Extensão",0,2010
17,"Aprendendo Espanhol: curso FIC aproxima comunidade e campus","O Campus Salgueiro amplia horizontes culturais com o lançamento do curso de Língua Espanhola em 2012.",CMx4T1N9yB.webp,"Em fevereiro de 2012, as barreiras linguísticas começaram a ser rompidas no **Campus Salgueiro** com o lançamento do primeiro **Curso de Formação Inicial e Continuada (FIC) em Língua Espanhola**. 

Destinado tanto aos discentes quanto aos moradores da cidade, o curso ofereceu uma oportunidade única de imersão cultural e crescimento profissional. Com módulos Básico 1 e 2, a iniciativa reafirmou o papel do **IF Sertão-PE** como um centro de excelência que conecta o Sertão pernambucano com as vastas possibilidades do mundo globalizado.

## Educação Sem Fronteiras e Integração Social

A carga horária de **160 horas** foi planejada para oferecer uma base sólida, permitindo que os participantes da comunidade externa dividissem as salas de aula com os estudantes em um ambiente de rica troca de experiências. O curso destacou-se por:

* **Público Diversificado:** 20 vagas destinadas à comunidade externa, promovendo a integração social.
* **Qualificação Profissional:** Uma formação estratégica para o currículo em um mercado de trabalho contemporâneo.
* **Identidade Latino-Americana:** Aprender espanhol no coração do Sertão foi um ato de expansão de horizontes e valorização das nossas raízes.

A oferta deste curso simbolizou o compromisso institucional com a formação integral do cidadão. Ao abrir suas portas através de um curso FIC, o Campus Salgueiro fortaleceu os vínculos de confiança e serviço público, provando que o conhecimento não possui fronteiras geográficas.

## Um Marco de Pluralidade Cultural e Saber

Hoje, olhamos para trás com orgulho daquela primeira turma. Muitos dos que iniciaram seus estudos em 2012 hoje utilizam o idioma em suas carreiras, viagens ou pesquisas acadêmicas de nível internacional. 

> A memória desse curso nos inspira a continuar oferecendo formações que humanizem e capacitem nossa gente, provando que o interior de Pernambuco é um solo fértil para mentes globais.

Celebramos esta iniciativa como um exemplo de como o **IF Sertão-PE** atua como um polo de irradiação de cultura. O curso de espanhol de 2012 foi o começo de uma série de projetos voltados para as linguagens e para o entendimento mútuo entre os povos. 

**Uma memória de integração, aprendizado e visão de futuro que continua a ecoar em nossa instituição!**","2025-09-08 20:46:06","2025-09-12 17:18:23","espanhol, linguas, curso_fic, comunidade, educacao","Ensino e Graduação",0,2012
18,"Alunos do campus Salgueiro brilham em concurso público","A excelência do ensino público do Campus Salgueiro é comprovada com aprovações históricas em 2012.",PXuRYWrOps.webp,"O ano de 2012 reservou uma das maiores confirmações da qualidade acadêmica do **Campus Salgueiro do IF Sertão-PE**.

Em um resultado histórico, nossos estudantes conquistaram posições de destaque no concurso público da Prefeitura de Salgueiro, provando que a dedicação em sala de aula se traduz em conquistas reais no mercado de trabalho. O desempenho foi tão expressivo que validou a excelência do ensino técnico e superior na região.

### A Força da Educação Pública e o Sucesso Profissional

Os números daquele ano impressionaram a comunidade e a gestão pública. O protagonismo dos nossos alunos ficou evidente em cargos estratégicos:

- **Técnico em Edificações:** Doze dos vinte e dois classificados eram alunos da nossa instituição. Eles ocuparam o topo do pódio e garantiram o preenchimento total das vagas disponíveis.

- **Agente Administrativo:** Em uma disputa acirrada de 72 candidatos por vaga, sete dos nossos estudantes foram aprovados, incluindo o **primeiro lugar absoluto**.


Ver quase 15% das vagas de um concurso com mais de três mil inscritos serem ocupadas por jovens formados no IF Sertão-PE é a prova cabal de que estamos no caminho certo. A juventude sertaneja, quando munida de educação de qualidade, pode competir e vencer em qualquer cenário.

### Referência em Excelência

Este resultado é o fruto de um esforço coletivo entre docentes, técnicos e discentes. O Campus Salgueiro consolidou-se como uma referência, desmistificando a ideia de que o interior não possui ensino competitivo. Nossos alunos entraram para o serviço público municipal como profissionais éticos e tecnicamente preparados.

### Um Legado de Mérito e Transformação Regional

Hoje, celebramos essa memória como um troféu de toda a comunidade acadêmica. Aquela lista de aprovados em 2012 serviu de inspiração para as turmas seguintes, criando uma cultura de esforço e superação que ainda hoje permeia nossos corredores.

> O IF Sertão-PE cumpre sua missão social ao devolver à sociedade cidadãos prontos para contribuir com a gestão pública e a infraestrutura da região.

Que o sucesso daqueles pioneiros continue a ecoar nos sonhos dos nossos atuais estudantes. A história das aprovações de 2012 é um lembrete de que o **Campus Salgueiro** é uma fábrica de talentos e um porto seguro para quem deseja mudar de vida através do estudo sério.

**A melhor colheita do nosso trabalho é ver nossos egressos transformando a realidade do Sertão Central!**","2025-09-08 21:20:12","2025-09-12 17:17:04","concurso, aprovacao, mercado_de_trabalho, edificacoes, meritocracia",Institucional,0,2012
19,"Agroecologia em prática: Campus Salgueiro implanta sistema PAIS","A implantação do sistema PAIS une sustentabilidade e agricultura familiar em um marco para o Sertão.",ZNEg2bBmE0.webp,"No dia **11 de maio de 2012**, o **Campus Salgueiro do IF Sertão-PE** celebrou um avanço significativo em sua missão de promover o desenvolvimento rural sustentável.

A entrega oficial do **Projeto Agroecológico Integrado Sustentável (PAIS)** não foi apenas a inauguração de um novo sistema de cultivo; foi a materialização de um compromisso profundo com a agricultura familiar e com a preservação ambiental no coração do Sertão Central. O projeto integra de forma harmoniosa:

- **Produção Vegetal:** Frutas e hortaliças orgânicas.

- **Avicultura:** Criação de aves integrada ao sistema.

- **Piscicultura:** Criação de peixes aproveitando os recursos hídricos.


O PAIS apresentou-se como um farol de inovação para o homem do campo, garantindo segurança alimentar e novas fontes de renda.

### A Ciência Agroecológica Nutrindo o Ensino e a Comunidade

A cerimônia reuniu alunos, técnicos, docentes do curso **Técnico em Agropecuária** e parceiros do **Instituto Agronômico de Pernambuco (IPA)**. Durante o evento, destacou-se que o PAIS transcende a função produtiva, atuando como um **laboratório vivo** essencial para a formação dos estudantes.

Além das atividades práticas, o projeto passou a fornecer alimentos orgânicos diretamente para a merenda escolar, garantindo que a qualidade da produção retornasse em saúde para a própria comunidade acadêmica. Era a educação alimentando o futuro, literalmente.

### Unidade Demonstrativa e Parceria Estratégica

A parceria com o IPA foi fundamental para perfuração de poços e apoio em cursos de formação. Para a região, o sistema no campus funciona como uma unidade demonstrativa: produtores familiares podem visitar, observar as técnicas e replicar em suas terras um modelo de agricultura que respeita o ciclo da natureza e potencializa a vida no semiárido.

### Um Legado de Sustentabilidade e Resiliência Sertaneja

As imagens daquele 11 de maio capturaram sorrisos de esperança entre canteiros verdes. O sistema PAIS tornou-se um símbolo de que é possível produzir com abundância no Sertão sem agredir o meio ambiente.

> Hoje, olhamos para essa memória com o orgulho de saber que fomos pioneiros na difusão de práticas agroecológicas fundamentais para o enfrentamento das mudanças climáticas.

O legado do projeto continua vivo em cada técnico formado que hoje orienta agricultores por todo o Nordeste. O **Campus Salgueiro** reafirmou sua identidade como um centro de irradiação de saberes sustentáveis, provando que a tecnologia integrada é a chave para um futuro próspero no Sertão.

**Uma história de integração e vida que floresce a cada dia em nosso campus!**","2025-09-08 21:45:18","2025-09-12 17:15:41","agroecologia, pais, sustentabilidade, ipa, agropecuaria","Pesquisa e Pós-Graduação",0,2012
20,"Campus Salgueiro recebe encontro do Fórum de Prevenção ao Trabalho Infantil","O IF Sertão-PE torna-se palco de debates fundamentais para a proteção da infância no Sertão Central.",JtsARpKOfp.webp,"No dia **28 de novembro de 2012**, o **Campus Salgueiro do IF Sertão-PE** abriu suas portas para uma causa de extrema relevância social e humana: o encontro da **Caravana Nordeste Contra o Trabalho Infantil**.

Coordenada pelo Fórum Estadual de Prevenção e Erradicação do Trabalho Infantil de Pernambuco (**FepEtipe**), a iniciativa reafirmou que a missão da nossa instituição vai muito além da excelência técnica. Somos um espaço de engajamento social, debate ético e defesa intransigente dos direitos fundamentais de crianças e adolescentes.

### Vozes Unidas Contra a Exploração e em Defesa do Futuro

O auditório do campus reuniu autoridades estratégicas, incluindo o Prefeito de Salgueiro, secretários municipais e membros do Ministério Público de Pernambuco. O objetivo era claro e urgente:

- **Sensibilização:** Alertar a sociedade sertaneja sobre as marcas profundas deixadas pelo trabalho infantil.

- **Fortalecimento de Redes:** Unir os órgãos de proteção locais para uma atuação mais eficaz.

- **Plano Estadual:** Discutir a aplicação das diretrizes de erradicação nas famílias mais vulneráveis do Sertão Central.


A escolha do **IF Sertão-PE** como sede foi simbólica. Como instituição de ensino, defendemos que o lugar da criança é na escola e no lazer, e que o trabalho precoce rouba o tempo e as oportunidades de desenvolvimento pleno. O diálogo serviu para alinhar estratégias e garantir que o ciclo de exploração seja rompido através da educação e da assistência social.

### Educação como Ferramenta de Justiça e Proteção Social

Hoje, ao lembrarmos desse encontro, renovamos nosso compromisso de ser uma sentinela dos direitos sociais em nossa região. A memória daquela caravana nos lembra que a escola é o antídoto mais eficaz contra a exploração.

> O Campus Salgueiro não é apenas um lugar de formação profissional, mas um baluarte da cidadania que luta para que cada jovem tenha o direito de estudar, sonhar e construir seu futuro com dignidade.

Este evento marcou a história do campus como um centro de referência em debates sociais de alto impacto. O legado daquele 28 de novembro permanece em nossas ações cotidianas, inspirando servidores e alunos a serem agentes de transformação e defensores da justiça social em cada canto deste Sertão.

**A luta contra o trabalho infantil é uma tarefa contínua que exige a vigilância de todos nós!**","2025-09-08 22:03:38","2025-09-12 17:14:19","trabalho_infantil, cidadania, fórum, direitos, proteção",Institucional,0,2012
21,"Um Encontro de Diálogo e Futuro no Campus Salgueiro","A visita do reitor Rildo Diniz marca um novo capítulo de inovação e escuta ativa na nossa instituição.",wI29AYjalT.webp,"O dia **20 de agosto de 2012** ficou registrado como um momento singular de construção coletiva no **Campus Salgueiro**.

Recebemos o reitor Rildo Diniz e sua comitiva para uma jornada de trabalho que transcendeu a simples fiscalização administrativa. Tratou-se de um exercício de diálogo aberto e escuta atenta, onde a gestão central e a base acadêmica se uniram para traçar os rumos do nosso futuro, fortalecendo os laços que unem o **IF Sertão-PE** em torno de um projeto comum de transformação.

### Inovação Sustentável e a Escuta da Comunidade

Acompanhado pelo diretor Amâncio Holanda, o reitor visitou o terreno da futura **fazenda escola**, espaço destinado a se tornar o coração das práticas de ensino e pesquisa. Entre os destaques da visita, pontuam-se:

- **Energia Eólica:** A apresentação do coletor de energia eólica, fruto de parceria com o IPA, projetado para bombear água de forma sustentável no semiárido.

- **Diálogo no Auditório:** Um momento em que técnicos, docentes e estudantes tiveram voz para apresentar dúvidas e sugestões diretamente à reitoria.

- **Pioneirismo em Comunicação:** O reitor elogiou o sistema de informação institucional via monitores implantado em Salgueiro, prometendo levar a prática para as demais unidades do instituto.


Esse reconhecimento mostrou que o Campus Salgueiro não era apenas um receptor de diretrizes, mas um polo gerador de inovações administrativas que beneficiavam toda a rede.

### Construindo a Identidade Institucional Lado a Lado

Hoje, relembramos essa visita como o marco de uma **gestão participativa** que valoriza as iniciativas locais. A memória desse encontro nos lembra que a excelência de uma instituição se constrói na união de esforços e no respeito às particularidades de cada campus.

> A fazenda escola e o catavento eólico, que naquela época eram apostas de futuro, tornaram-se símbolos da nossa capacidade de inovar com os pés no chão e os olhos no amanhã.

A visita reafirmou que cada servidor e cada aluno é parte fundamental da engrenagem que move o desenvolvimento do Sertão. Seguimos com as portas abertas para o diálogo, acreditando que é na transparência administrativa que se forja uma instituição pública de qualidade e comprometida com seu povo.

**Uma história de parceria e visão que nos motiva a seguir avançando!**","2025-09-09 10:58:37","2025-09-12 17:13:07","reitoria, diálogo, inovação, eólica, gestão",Institucional,0,2012
22,"A Primeira Mostra de Temas Medievais no Campus Salgueiro","Estudantes viajam no tempo com criatividade e sustentabilidade na I Mostra de Temas Medievais.",jU9bC9YhKF.webp,"No dia **5 de novembro de 2012**, o **Campus Salgueiro** transformou seus corredores em um verdadeiro portal para o passado.

Sob a coordenação da professora Márcia Farias, os alunos do Ensino Médio Integrado deram vida à **I Mostra de Temas Medievais**, um evento que uniu o rigor da pesquisa histórica à explosão de criatividade e consciência ambiental. Foi uma experiência imersiva que provou como o ensino de humanidades pode ser vibrante, transformando fatos em vivências práticas.

### História, Tecnologia e Sustentabilidade em Diálogo

Cada curso trouxe sua perspectiva única para a Idade Médio, criando uma abordagem interdisciplinar rica:

- **Agropecuária:** Mergulhou na vida rural e na economia das feiras medievais.

- **Edificações:** Recriou a imponência das catedrais góticas e a organização dos burgos.

- **Informática:** Explorou as sementes do Renascimento científico e das invenções.


O grande diferencial foi o **compromisso com o planeta**: todas as maquetes e cenários foram construídos com **materiais recicláveis** (papelão, latinhas e plásticos), mostrando que é possível olhar para o passado com consciência sobre o futuro. As salas de aula tornaram-se feudos e monastérios, onde a teoria dos livros ganhou tridimensionalidade e cores.

### Um Legado de Conhecimento e Arte Coletiva

Hoje, as fotografias daquela mostra são relíquias de um tempo em que a dedicação superou os desafios. A memória daquele 5 de novembro nos lembra que a educação é, acima de tudo, um ato de criação e descoberta.

> O Campus Salgueiro orgulha-se de proporcionar espaços onde a imaginação dos alunos pode voar alto, ancorada em uma base acadêmica sólida.

Aquela primeira mostra medieval pavimentou o caminho para muitos outros projetos culturais que viriam a enriquecer nossa vida institucional. O sucesso do evento reafirmou que o **IFSertãoPE** é um lugar de formação integral, onde ciência, técnica e artes se fundem para formar cidadãos completos.

**Uma história de beleza e saber que permanece viva em nossa memória coletiva!**","2025-09-09 11:20:40","2025-09-12 17:11:53","história, mostra_cultural, idade_média, sustentabilidade, criatividade","Cultura e Lazer",0,2012
23,"Catavento do Saber: Sustentabilidade e Inovação no Campus Salgueiro","A instalação de um catavento eólico marca a união entre tecnologia e respeito aos recursos hídricos.",eDeIOpnGTJ.webp,"Em um gesto que une a sabedoria ancestral à tecnologia moderna, o **Campus Salgueiro do IF Sertão-PE**, em parceria com o IPA, deu um passo histórico em direção à sustentabilidade hídrica.

A instalação de um sistema de captação de água acionado por **catavento na fazenda escola** não foi apenas a montagem de um equipamento; foi a materialização de uma visão de futuro para o semiárido. Com suas pás girando ao ritmo dos ventos sertanejos, o catavento tornou-se um símbolo da nossa capacidade de extrair vida da natureza de forma limpa, renovável e inteligente.

### Tecnologia Simples para Desafios Complexos

O funcionamento do sistema é uma lição de engenharia aplicada: a força do vento bombeia a água de poços profundos diretamente para os reservatórios, garantindo a irrigação e a dessedentação dos rebanhos **sem custo energético**. Os principais impactos do projeto incluem:

- **Unidade de Demonstração:** O campus funciona como um farol para produtores rurais que buscam soluções contra a escassez de água.

- **Laboratório Real:** Estudantes de Agropecuária utilizam o sistema para estudar mecânica, hidráulica e gestão de recursos hídricos.

- **Baixo Impacto Ambiental:** Demonstração prática de que a agricultura familiar pode ser próspera e sustentável.

A presença do catavento no horizonte do campus é um lembrete constante de que a ciência deve servir para mitigar os impactos da seca e promover a dignidade no campo.

### Um Horizonte Verde e Sustentável no Sertão

Hoje, ao olharmos para o catavento operando, celebramos a resiliência do nosso povo e a eficácia da parceria institucional. A memória desse projeto nos inspira a continuar buscando alternativas que protejam o bioma **Caatinga** enquanto desenvolvemos a economia regional.

> O ""Catavento do Saber"" não é apenas uma máquina; é uma declaração de amor ao Sertão e de fé na inteligência humana para superar limites.

O **Campus Salgueiro** reafirma seu papel como protagonista da inovação sustentável, provando que o desenvolvimento do interior de Pernambuco pode ser moderno, eficiente e em harmonia com o meio ambiente. Seguimos firmes na construção de um amanhã onde a água e o conhecimento fluam livremente para todos.

**Uma história de inovação que transforma o chão árido em solo de oportunidades!**","2025-09-09 11:49:09","2025-09-12 17:10:26","sustentabilidade, eólica, água, catavento, tecnologia_social","Tecnologia e Inovação",0,2012
24,"II Semana de Informática: Conhecimento e Mercado de Trabalho em Debate","Estudantes e profissionais discutem o futuro da tecnologia e as transformações do mercado em Salgueiro.",iaWuE0M6j8.webp,"Entre os dias **23 e 25 de maio de 2012**, o **Campus Salgueiro do IF Sertão-PE** transformou-se no epicentro da discussão tecnológica no Sertão Central.

A **II Semana de Informática** não foi apenas um evento acadêmico, mas um divisor de águas que reuniu estudantes, professores e profissionais renomados em torno do tema: **“A Informática e o mercado de trabalho”**. Naquele momento, a instituição reafirmava seu papel de vanguarda, preparando seus alunos para as rápidas transformações digitais que redesenhariam as profissões em todo o mundo.

### Conectando o Sertão às Fronteiras da Tecnologia Global

A programação foi desenhada para oferecer uma visão 360 graus do universo tecnológico. Através de mesas-redondas e palestras, foram debatidos temas na fronteira do conhecimento:

- **TV Digital e Jogos Eletrônicos:** Novas fronteiras de entretenimento e mídia.
    
- **Computação em Nuvem (Cloud Computing):** Uma tecnologia emergente na época que mudaria o armazenamento de dados.
    
- **Eletrônica Aplicada:** A base técnica para o desenvolvimento de hardware.
    

O diferencial inovador daquele ano foi a **transmissão ao vivo** de toda a programação pela internet, permitindo que o conhecimento gerado em Salgueiro fosse acessado de qualquer lugar do país. Foi um exercício de democratização da informação sem precedentes na história do campus.

### Prática e Oportunidade

Além das discussões teóricas, as oficinas práticas permitiram que os estudantes colocassem a ""mão na massa"". O uso de ferramentas digitais próprias para a gestão do evento demonstrou que o campus praticava a tecnologia que ensinava, mostrando aos jovens sertanejos que a formação do **IF Sertão-PE** permitia atuação em alto nível em qualquer polo tecnológico global.

### Um Legado de Inovação e Protagonismo Digital

Hoje, ao olharmos para aquela II Semana de Informática, percebemos o quanto fomos pioneiros em tratar a tecnologia como um vetor de inclusão social e desenvolvimento regional. A memória desses debates continua a pulsar em nossos laboratórios, inspirando novos desenvolvedores e pesquisadores.

> O sucesso do evento consolidou a área de informática do Campus Salgueiro como uma das mais dinâmicas e sintonizadas com as demandas da modernidade.

Celebramos o empenho de cada organizador e a curiosidade de cada participante. Seguimos firmes na missão de formar profissionais que não apenas operem máquinas, mas que pensem criticamente o papel da tecnologia na construção de uma sociedade mais justa e conectada.

**Uma memória de futuro que nos impulsiona a novas descobertas todos os dias!**","2025-09-09 12:11:30","2025-09-12 17:09:05","informatica, tecnologia, mercado, evento, inovacao","Tecnologia e Inovação",0,2012
25,"Um Novo Caminho: Ônibus do Campus Salgueiro amplia horizontes para estudantes","A entrega do novo ônibus institucional simboliza a expansão das fronteiras do conhecimento para Salgueiro.",mCUgYO1GIM.webp,"O dia **20 de abril de 2012** marcou o início de uma nova jornada de mobilidade e integração para o **Campus Salgueiro do IF Sertão-PE**.

A chegada do ônibus institucional novo, projetado com foco em segurança e acessibilidade, foi recebida com festa pela comunidade acadêmica. Mais do que um simples meio de transporte, o veículo representava a autonomia necessária para que estudantes e servidores pudessem levar o nome de Salgueiro a congressos, seminários e competições em todo o Brasil, transformando o asfalto em uma extensão da sala de aula.

### Transportando Sonhos e o Talento Sertanejo pelo Brasil

Durante a cerimônia de entrega, o diretor-geral Amâncio Holanda e o reitor Rildo Diniz destacaram que o acesso a viagens técnicas e intercâmbios culturais é fundamental para uma educação de qualidade. O ônibus tornou-se o elo entre o Sertão e os grandes centros de pesquisa, garantindo que:

- **Fronteiras fossem rompidas:** Delegações puderam participar de fóruns mundiais e eventos nacionais sem o obstáculo da falta de transporte.

- **A Teoria encontrasse a Prática:** Estudantes de Agropecuária, Edificações e Informática ganharam a chance real de visitar indústrias, fazendas-modelo e feiras tecnológicas.

- **O Talento ganhasse Visibilidade:** Cada quilômetro rodado passou a contar uma história de reconhecimento da inteligência sertaneja fora de suas fronteiras geográficas.


Essa vivência externa é o que completa a formação de um profissional crítico e conectado com a realidade do país, fortalecendo a identidade do **IF Sertão-PE** como uma escola que não conhece limites para o saber.

### Um Marco de Integração e Conquista Coletiva

Hoje, ao lembrarmos da emoção daquela entrega, celebramos a visão de uma gestão que investiu no conforto e na segurança da sua comunidade. O ônibus do campus tornou-se um símbolo de liberdade acadêmica.

> Ele evoca memórias de risadas em viagens de estudo, a ansiedade antes de grandes apresentações e a alegria do retorno com troféus e certificados na bagagem.

Seguimos cuidando desse patrimônio com o zelo de quem sabe que ele carrega o futuro do nosso país. O ônibus do **Campus Salgueiro** continua a ser a ponte que une o sonho do estudante à realidade profissional, provando que a educação de qualidade exige infraestrutura digna e acessível.

**Uma história de movimento, conquista e horizontes ampliados!**","2025-09-09 12:42:06","2025-09-12 17:07:41","transporte, onibus, visitas_tecnicas, mobilidade, conquista",Institucional,0,2012
26,"Conheça o Campus: Interatividade e Transparência no IF Sertão-PE Salgueiro","Programa pioneiro utiliza monitores para fortalecer a comunicação e a transparência institucional.",rxDGx7vG1a.webp,"Em junho de 2012, o **Campus Salgueiro do IF Sertão-PE** deu um passo audacioso na modernização de sua comunicação interna com o lançamento do programa **“Conheça o Campus”**.

Alinhada à recém-promulgada Lei de Acesso à Informação, a iniciativa utilizou a tecnologia para tornar a gestão pública mais transparente e próxima da comunidade. A instalação de monitores em pontos estratégicos transformou a rotina escolar, criando um canal direto onde a informação circulava com agilidade, ética e criatividade.

### Tecnologia Digital a Serviço da Gestão Participativa

O programa funcionava como um telejornal institucional dinâmico, apresentando conteúdos essenciais para o dia a dia da comunidade:

- **Resultados de pesquisas e conquistas de alunos;**

- **Datas de exames e avisos administrativos;**

- **Divulgação de projetos pedagógicos e extensionistas.**


Mais do que apenas informar, o “Conheça o Campus” buscava criar um **sentimento de pertencimento**. Ao verem seus projetos expostos nas telas do pátio, estudantes e servidores sentiam-se valorizados. Essa transparência ativa fortaleceu a confiança mútua entre a gestão e o corpo social do instituto.

### Pioneirismo e Inspiração

O modelo de Salgueiro foi tão expressivo que serviu de inspiração para a implantação em outros campi da rede. O uso de sinalização digital mostrou que o campus estava na vanguarda da comunicação pública, provando que a transparência pode ser uma experiência visual e interativa que educa e integra.

### Um Legado de Conexão e Transparência Pública

Hoje, ao olharmos para aquela fase experimental de 2012, percebemos as raízes da nossa cultura de comunicação digital. A memória do programa nos lembra que a informação é um direito e que as ferramentas tecnológicas devem democratizar o acesso ao conhecimento institucional.

> O sucesso desse projeto pavimentou o caminho para as redes sociais pulsantes que temos hoje, mantendo vivo o espírito de uma escola que celebra seus processos junto com sua gente.

O **Campus Salgueiro** continua a buscar formas eficientes de se comunicar, honrando o legado de clareza iniciado há mais de uma década. Que a informação continue a fluir livremente em nossos corredores, fortalecendo nossa identidade como uma instituição pública moderna, aberta e conectada com o povo brasileiro.

**Uma história de luz, tela e verdade compartilhada!**","2025-09-09 16:14:00","2025-09-13 18:20:39","comunicacao, transparencia, tecnologia, interatividade, institucional","Comunicação Institucional",0,2012
27,"Campus Salgueiro na Semana Nacional de Ciência e Tecnologia em Brasília","Estudantes de Salgueiro representam o Sertão em evento nacional, discutindo economia verde e sustentabilidade.",qKQauvV5XF.webp,"Entre os dias **15 e 21 de outubro de 2012**, o nome de Salgueiro ecoou com força nos pavilhões de Brasília. Um grupo de estudantes e servidores do nosso campus participou da **Semana Nacional de Ciência e Tecnologia (SNCT)**, a convite do Ministério da Ciência, Tecnologia e Inovação.

Levar a inteligência produzida no interior de Pernambuco para a capital federal foi um marco de protagonismo estudantil, provando que a ciência feita na Caatinga possui relevância nacional e oferece respostas criativas para os desafios globais da sustentabilidade.

### O Protagonismo Sertanejo no Coração da Ciência Nacional

Representando o **Campus Salgueiro**, os estudantes Daiane Ribeiro, Danilo Ferreira e Odailton Santos, com suporte técnico de Sérgio Bento, apresentaram projetos alinhados ao tema central: **“Economia verde, sustentabilidade e erradicação da pobreza”**.

Em um estande visitado por pessoas de todo o Brasil, nossos jovens demonstraram como a pesquisa e a extensão podem:

- **Mitigar desigualdades sociais:** Através de tecnologias sociais e aplicadas.

- **Promover o desenvolvimento sustentável:** Respeitando os limites do meio ambiente semiárido.

- **Integrar saberes:** Unindo o conhecimento acadêmico do Sertão às discussões das mentes mais brilhantes do país.


A participação na SNCT foi um rito de amadurecimento. Ao dialogarem com pesquisadores de renome, os alunos compreenderam a escala e a importância social da formação que recebem no **IF Sertão-PE**. Eles não levaram apenas cartazes e protótipos; levaram a voz, a cultura e a determinação de um povo que faz da ciência seu instrumento de liberdade.

### Um Legado de Excelência e Inspiração Científica

Hoje, as imagens daqueles dias em Brasília permanecem como um troféu de dedicação coletiva. A memória da participação na SNCT nos inspira a continuar incentivando nossos alunos a buscarem os palcos mais altos do conhecimento.

> O Campus Salgueiro provou que não existem barreiras geográficas para quem possui uma base educacional sólida e o desejo de transformar o mundo.

Seguimos motivando novas gerações a seguirem o exemplo de Daiane, Danilo e Odailton. Que a chama da curiosidade científica continue a arder em nossos laboratórios, fortalecendo a autoconfiança de nossos estudantes.

A história do campus na SNCT de 2012 é um lembrete constante de que o **Sertão é terra de cientistas, inventores e visionários**. Uma memória de orgulho que pavimenta o caminho para muitas outras conquistas nacionais.

**O futuro da ciência brasileira passa, com certeza, pela força do nosso Sertão!**","2025-09-09 16:51:02","2025-09-12 17:05:06","ciencia, brasilia, sustentabilidade, pesquisa, protagonismo","Pesquisa e Pós-Graduação",0,2012
28,"Vozes que Rompem o Silêncio: A inclusão através da LIBRAS","Aula inaugural do curso de LIBRAS marca um novo capítulo na acessibilidade e respeito à diversidade em Salgueiro.",bUAJBfw3JX.webp,"No dia em que as mãos começaram a desenhar novos sentidos no ar, Salgueiro viveu um dos momentos mais emocionantes de sua trajetória educacional.

A aula inaugural do **Curso Básico Preparatório para Intérpretes de LIBRAS na Educação** não foi apenas o início de uma formação técnica; foi um ato de justiça social e empatia profunda. O auditório do campus tornou-se o palco onde o silêncio deu lugar à compreensão, acolhendo surdos e ouvintes em um compromisso comum: romper as barreiras invisíveis e construir uma educação verdadeiramente bilíngue e inclusiva.

### Educação Inclusiva e o Despertar da Consciência Social

A presença vibrante dos estudantes surdos Orlando Vidal e Genilson Ramos trouxe para o evento a autenticidade necessária. Eles ressaltaram que o curso representava um grito de resistência contra a ausência histórica de políticas públicas eficazes na região. Os pontos altos do encontro foram:

- **Direito Constitucional:** A professora Patrícia Lourenço destacou que formar intérpretes é garantir que o acesso à educação seja plenamente exercido.

- **Demanda Social:** A imensa procura pelas vagas — quase o dobro do ofertado — revelou uma sociedade sedenta por humanizar suas relações.

- **Identidade e Dignidade:** Aprender LIBRAS no **Campus Salgueiro** tornou-se um símbolo de respeito à identidade linguística, onde cada sinal aprendido era uma ponte construída.

A instituição reafirmava ali que a excelência acadêmica só faz sentido se for capaz de incluir a todos, valorizando a diversidade como nossa maior riqueza.

### O Papel do Intérprete

O curso foi desenhado para preparar profissionais capazes de atuar nas salas de aula, transformando a realidade de jovens que, por falta de comunicação, eram deixados à margem do saber. Foi um marco na preparação de uma rede de apoio que permite ao aluno surdo ocupar seu lugar de direito na academia.

### Um Legado de Empatia e Comunicação Sem Barreiras

Hoje, ao lembrarmos daquelas primeiras aulas, celebramos a coragem de quem escolheu dedicar-se ao entendimento do outro. O **IF Sertão-PE** consolidou-se como uma casa que não apenas ensina técnica, mas que cultiva a humanidade necessária para viver em sociedade.

> Como bem lembrou o poeta Mário Quintana, ser surdo é não ter tempo de ouvir o apelo de um irmão; em Salgueiro, decidimos ter todo o tempo do mundo para essa escuta visual e afetiva.

Seguimos firmes no propósito de ser um campus acessível e bilíngue. Que as vozes que rompem o silêncio continuem a ecoar, lembrando-nos diariamente que a educação é a linguagem universal da liberdade.

**Uma memória de luz e movimento que nos inspira a sermos, a cada dia, mais humanos e inclusivos!**","2025-09-15 14:48:27","2025-09-15 14:48:27","libras, inclusao, acessibilidade, diversidade, educacao","Ensino e Graduação",0,2012
29,"Ecos da Paralisação: Greves que marcaram o IF Sertão-PE","Um registro das lutas e mobilizações de 2012, 2015 e 2018 que reafirmaram a defesa da educação pública.",Yrp3MFsTve.webp,"A história do **Campus Salgueiro** e do **IFSertãoPE** não é feita apenas de dias de festa, mas também de momentos de intensa reflexão e luta coletiva.

Ao longo dos anos, os movimentos de paralisação em **2012, 2015 e 2018** tornaram-se marcos de resistência, onde servidores e estudantes uniram vozes para defender a dignidade da educação pública brasileira. Esses episódios foram lições vivas de cidadania e democracia, evidenciando que a excelência de uma instituição se constrói também na defesa dos direitos de quem a faz pulsar diariamente.

### Resistência e Unidade em Tempos de Desafios

Cada período de mobilização trouxe pautas específicas que reforçaram o compromisso com uma escola pública, gratuita e de qualidade social:

- **2012:** Uma mobilização de 30 dias que uniu os campi de Petrolina, Salgueiro, Floresta e Ouricuri em uma pauta nacional por melhores condições de trabalho e investimentos.

- **2015:** Forte adesão dos servidores reivindicando isonomia e reposição de perdas inflacionárias, consolidando a força do movimento sindical.

- **2018:** Um cenário distinto marcado pela greve nacional dos caminhoneiros, que paralisou o país e o campus, evidenciando a conexão profunda entre a educação, a infraestrutura e os movimentos sociais.


Esses ecos de paralisação deixaram um legado de consciência política. Estudantes e servidores aprenderam, na prática, o valor da organização através do **SINDSEP** e **SINASEFE**. A memória desses períodos reforça que o IFSertãoPE é um espaço de pensamento crítico, onde a passividade não tem lugar diante de ameaças ao futuro da educação profissional.

### A Educação como Espaço de Luta e Reflexão

Hoje, ao revisitarmos essas memórias, entendemos que cada retorno às aulas após esses movimentos trazia consigo uma comunidade acadêmica mais madura e consciente de seu papel social.

> O Campus Salgueiro orgulha-se de sua trajetória de resistência, sabendo que as conquistas de hoje são frutos das mobilizações de ontem.

A educação pública é um patrimônio do povo brasileiro, e a história das nossas greves é o registro da nossa disposição em protegê-la. Seguimos firmes, inspirados pela coragem de quem não se calou, fundamentados na consciência de que a luta pela educação é uma tarefa permanente e coletiva.

**Uma memória de força que nos define e nos projeta para o futuro!**","2025-09-15 15:26:15","2025-09-15 15:27:03","greve, mobilizacao, direitos, sinasefe, resistencia",Institucional,0,"2012, 2015, 2018"
30,"Quando a ciência encontrou espaço no Sertão","A 8ª Jince marcou o Campus Salgueiro com recordes de participação e integração entre pesquisa e comunidade.",HiPaJdI4dp.webp,"Houve um tempo em que o **Campus Salgueiro** transformou-se em um vibrante palco de descobertas e intercâmbio científico. Durante a **8ª Jornada de Iniciação Científica e Extensão do IF Sertão-PE (Jince)**, nossa casa viveu um de seus momentos mais gloriosos, recebendo um número recorde de participantes e consolidando-se como o coração da ciência no Sertão Central.

O evento não foi apenas uma exposição de banners; foi a celebração de uma inteligência sertaneja que, aliada ao rigor acadêmico, buscava soluções concretas para os desafios socioculturais, produtivos e ambientais da nossa região.

### O Florescer da Pesquisa e Extensão na Caatinga

A abertura oficial no auditório contou com a presença de lideranças acadêmicas como o reitor Rildo Diniz e os pró-reitores Gleide Coimbra e Cícero Antônio, além de representantes de outros institutos, como o IFAL. Naquele período, o campus pulsava com a energia de estudantes bolsistas e pesquisadores. Os destaques do evento incluíram:

- **Diálogo com a Comunidade:** O conhecimento gerado nos laboratórios encontrou o público externo, provando a eficácia da ciência na transformação da realidade local.

- **Tríade Acadêmica:** A Jince reafirmou a união fundamental entre **Ensino, Pesquisa e Extensão**.

- **Maturidade Estudantil:** Estudantes apresentaram projetos com um nível de profundidade inspirador, atuando como verdadeiros protagonistas do saber.


A diversidade de temas refletia a riqueza do nosso semiárido: desde inovações na agricultura familiar até soluções tecnológicas para a educação. A integração entre diferentes cursos e campi criou uma rede de colaboração que gerou parcerias duradouras, desmistificando a ideia de que o saber especializado é algo inacessível ao povo.

### Um Legado de Conhecimento e Transformação Social

Hoje, ao olharmos para trás, a **8ª Jince** permanece como uma memória viva de superação e excelência. O recorde de participação foi o reflexo do desejo da nossa juventude em ser protagonista da própria história através da investigação científica.

> O Campus Salgueiro continua a ser esse terreno fértil onde a curiosidade é incentivada e a inovação é celebrada como um ato de cidadania.

O sucesso daquela jornada pavimentou o caminho para as conquistas que hoje colocam nossa instituição em destaque nacional. Celebramos cada estudante e orientador que fez daquela edição um marco histórico. Que a chama da curiosidade continue a arder em nossos laboratórios, impulsionando a inovação com os pés no chão da nossa terra e os olhos no horizonte.

**Uma memória de luz, descoberta e orgulho para todo o povo sertanejo!**

---

Deseja que eu continue convertendo os próximos posts ou gostaria de fazer alguma alteração de estilo nos que já foram feitos?","2025-09-16 12:16:00","2025-09-16 12:20:28","jince, pesquisa, extensao, ciencia, inovacao","Pesquisa e Pós-Graduação",0,2013
31,"A primeira Semana Inclusiva no Campus Salgueiro","O NAPNE promove um marco de aprendizado e empatia na 1ª Semana Inclusiva em 2013.",c2qDXYUjHJ.webp,"Recordamos com profundo orgulho o momento em que o **Campus Salgueiro** abriu suas portas para a **1ª Semana Inclusiva**, realizada entre os dias **2 e 6 de setembro de 2013**.

Sob a condução dedicada do Núcleo de Apoio à Pessoa com Necessidades Específicas (**NAPNE**), o campus transformou-se em um espaço de diálogo intenso sobre diversidade e respeito. Foi uma semana que marcou a nossa alma institucional, lembrando-nos que a educação profissional só é completa quando é acessível a todos, independentemente de suas condições físicas ou intelectuais.

### A Diversidade como Voz e Espaço de Transformação

A programação foi desenhada para tocar a sensibilidade e gerar conhecimento prático. Os destaques incluíram:

- **Reflexão Cinematográfica:** A exibição do filme _""Meu Pé Esquerdo""_, provocando debates sobre superação e o papel do apoio familiar.

- **Oficinas Práticas:** Orientações para servidores e estudantes sobre o acolhimento de pessoas com deficiências auditivas, visuais, físicas e intelectuais.

- **Intercâmbio de Experiências:** Palestrantes de diversos municípios transformaram o campus em um fórum de empatia.


A participação ativa da comunidade nas dinâmicas revelou uma instituição disposta a evoluir. Ver professores e alunos experimentando os desafios da acessibilidade na prática foi fundamental para criar uma consciência crítica sobre as barreiras que ainda precisamos derrubar. O NAPNE consolidou-se como o guardião desse compromisso, reafirmando que cada vida merece as mesmas chances de florescer.

### Um Legado de Respeito e Acessibilidade Permanente

Hoje, ao relembrarmos essa primeira edição de 2013, percebemos as marcas positivas que ela deixou em nossa trajetória. A inclusão tornou-se uma pauta transversal, influenciando desde a arquitetura do campus até as metodologias de ensino.

> A memória daquela semana nos inspira a construir uma escola cada vez mais humana, onde a diversidade não é um obstáculo, mas a nossa maior riqueza.

O **Campus Salgueiro** reafirma seu papel como agente de transformação social, lutando diariamente para que a inclusão seja a regra. Celebramos as sementes de empatia plantadas ali, que continuam a dar frutos na vida de cada estudante que se sente acolhido e respeitado em sua singularidade.

**Uma história de acolhimento que nos orgulha profundamente!**","2025-09-16 12:44:39","2025-09-16 12:44:39","inclusao, napne, diversidade, acessibilidade, educacao",Institucional,0,2013
32,"Quando o talento encontrou a ciência em 2013","Estudantes do IF Sertão-PE brilham no Programa Jovens Talentos para a Ciência, iniciando carreiras de sucesso.",FfaScpqVA1.webp,"Em 2013, o **Campus Salgueiro** e o **IFSertãoPE** celebraram a conquista de quatro jovens brilhantes que deram seus primeiros passos decisivos no universo da pesquisa.

A aprovação no **Programa Jovens Talentos para a Ciência** foi mais do que a conquista de uma bolsa; foi o reconhecimento do potencial intelectual da nossa juventude sertaneja. Para estudantes como **Thiago Leandro Silva**, da Licenciatura em Física de Salgueiro, aquele momento representou a abertura de portas para um futuro onde a ciência deixava de ser um sonho distante para tornar-se uma realidade profissional palpável.

### Vocação Científica e Superação no Interior

As histórias por trás de cada aprovação revelam trajetórias de imensa dedicação e superação de barreiras geográficas e sociais:

- **Thiago Leandro (Salgueiro):** Transformou meses de estudo em meta de vida, com apoio incansável do corpo docente da Licenciatura em Física.

- **Edson Rodrigues (Floresta):** Percorria diariamente 48 km de sua casa em Nazaré do Pico, vendo na bolsa um estímulo vital para sua permanência acadêmica na Tecnologia da Informação.

- **Jordackson Cristone e Thainá Kelly:** Brilharam ao utilizar a base sólida do Ensino Médio para construir suas carreiras como futuros pesquisadores.


A concessão dessas bolsas de iniciação científica visava despertar a vocação para a investigação ainda nos primeiros anos da graduação. Ver nossos alunos vencendo testes de conhecimentos gerais em nível nacional reafirmou que o Sertão é um berço de mentes brilhantes, prontas para contribuir com o avanço tecnológico do Brasil.

### Um Legado de Inspiração para a Pesquisa Brasileira

Hoje, relembramos essa conquista de 2013 como o marco de uma geração que não teve medo de sonhar alto. A memória daqueles jovens talentos continua a inspirar os novos ingressantes que chegam ao campus todos os anos.

> Eles provaram que, com estrutura, apoio docente e esforço pessoal, o estudante do interior pode ocupar qualquer espaço na academia brasileira.

O **IFSertãoPE** orgulha-se de ter sido o solo onde essas vocações foram nutridas, transformando potencial em conquistas concretas. Seguimos investindo em nossos talentos, acreditando que a pesquisa é o motor da transformação social e econômica da nossa região.

**Uma narrativa de superação e brilho intelectual que nos motiva a transformar o Sertão em um celeiro de grandes cientistas!**","2025-09-16 13:35:44","2025-09-16 13:35:44","pesquisa, jovens_talentos, ciencia, bolsas, ensino_superior","Pesquisa e Pós-Graduação",0,2013
33,"Hortas que cultivam conhecimento e cidadania","Estudantes de Agropecuária transformam a teoria em hortas orgânicas que beneficiam escolas da comunidade.",Jfp45PQP4b.webp,"No ano de **2013**, o aprendizado no **Campus Salgueiro** transpôs os muros da instituição e ganhou as cores e aromas da terra.

Alunos do curso **Subsequente em Agropecuária**, orientados pelo professor Marcelo Campos, transformaram as lições de Horticultura em um projeto de extensão que marcou a comunidade local. Ao implantarem **hortas orgânicas** em escolas parceiras, como a Escola Pais e Mestres, os estudantes mostraram que a educação profissional ganha seu verdadeiro sentido quando se coloca a serviço do bem-estar social e da sustentabilidade alimentar do Sertão Central.

### Sustentabilidade e Troca de Saberes no Campo

A jornada liderada pelos estudantes Heitor, Amanda, Igor e Raniere foi uma lição prática de resiliência. O projeto envolveu etapas técnicas cruciais para o sucesso do cultivo no semiárido:

- **Preparo e Adubação:** O cuidado com o solo como base para a vida.

- **Diversidade de Cultivo:** Plantio de coentro, beterraba e tomate cereja.

- **Resiliência Técnica:** Superação de desafios climáticos e perda de mudas com entusiasmo renovado.


A colheita abundante foi celebrada como o fruto de um trabalho coletivo que integrou turmas do Ensino Médio e Subsequente. O objetivo era claro: promover a **alimentação saudável** e o respeito ao meio ambiente através de práticas orgânicas.

### Educação que Transforma Gerações

O impacto do projeto foi além da produção de alimentos. Nossos alunos tornaram-se ""professores por um dia"", compartilhando técnicas de plantio com crianças da 5ª série. Ver a alegria dos pequenos ao cultivarem seus próprios canteiros fortaleceu os vínculos entre o campus e a sociedade. As hortas tornaram-se **salas de aula vivas**, onde a cidadania era cultivada em cada semente.

### Um Legado de Consciência Ambiental e Solidariedade

Hoje, ao lembrarmos desse projeto de 2013, celebramos a vocação extensionista que corre nas veias do Campus Salgueiro. A memória daquelas hortas continua a inspirar novas ações, mostrando que a técnica agrícola deve sempre caminhar de mãos dadas com a **responsabilidade social**.

> O legado de Heitor e seus colegas permanece vivo na consciência ambiental dos estudantes que hoje dão continuidade a essa história de amor à terra.

O **IF Sertão-PE** reafirma seu compromisso de levar o conhecimento técnico para onde ele é mais necessário. A história das hortas comunitárias é uma narrativa de esperança e trabalho duro, provando que a educação mais completa é aquela que gera benefícios reais para a vida das pessoas.

**Uma memória verde e pulsante que continua a florescer em nossa trajetória!**","2025-09-16 15:43:02","2025-09-16 15:43:02","agropecuaria, horticultura, extensao, horta_organica, comunidade","Eventos e Extensão",0,2013
34,"Lançamento de foguetes instiga o aprendizado da Física","A VII Mostra Brasileira de Foguetes transforma o céu de Salgueiro em um laboratório de descobertas práticas.",p1kwmgaMOa.webp,"Naquela manhã ensolarada de uma quinta-feira em **2013**, o campo aberto ao lado da Estação do Forró em Salgueiro tornou-se o palco de uma aventura científica inesquecível.

Cinquenta e sete estudantes do ensino médio do nosso campus, organizados em dezenove equipes vibrantes, participaram da **VII Mostra Brasileira de Foguetes (MOBFOG)**. O que para muitos poderia parecer apenas uma brincadeira, era um desafio rigoroso de aplicação dos princípios da Física, onde garrafas PET, água e pressão de ar tornaram-se ferramentas para desvendar as leis do movimento e da aerodinâmica.

### A Ciência que Voa Alto sobre o Solo Sertanejo

Cada lançamento carregava consigo semanas de estudo e a expectativa de ver a teoria ganhar os céus. Sob a orientação do professor Eriverton Rodrigues e dos demais docentes de Física, os alunos enfrentaram desafios técnicos reais:

- **Construção e Aerodinâmica:** Desenvolvimento de foguetes e bases de lançamento eficientes.

- **Performance:** A melhor marca atingida foi de **82 metros** de distância, celebrada com entusiasmo por todos.

- **Prática Pedagógica:** A MOBFOG retirou a Física do papel e a colocou nas mãos dos jovens sertanejos, instigando a curiosidade intelectual.


O sucesso desse evento foi o combustível para o projeto de extensão **“Divulgação e Popularização da Astronomia no IF Sertão-PE”**, que continua a despertar vocações científicas até hoje. Ver os alunos discutindo ângulos de lançamento e resistência do ar mostrou que a ciência é empolgante quando ensinada com criatividade.

### Um Legado de Curiosidade e Exploração Científica

Hoje, as memórias daqueles foguetes subindo ao céu permanecem como um símbolo da nossa ousadia acadêmica. A experiência na Estação do Forró transformou a sala de aula em um espaço de experimentação constante.

> O Campus Salgueiro orgulha-se de proporcionar experiências que marcam a vida dos jovens, provando que o talento para a ciência não conhece fronteiras geográficas ou sociais.

Seguimos lançando novos projetos e ideias, acreditando que a educação científica é a chave para a liberdade intelectual do nosso povo. Que o voo daqueles foguetes de 2013 continue a inspirar os alunos de hoje a buscarem o saber com a mesma determinação.

**Uma história de descoberta e horizontes ampliados no coração do Sertão Central!**","2025-09-16 16:04:01","2025-09-16 16:04:01","fisica, mobfog, ciencia, extensao, astronomia","Ensino e Graduação",0,2013
35,"Pesquisa do Campus Salgueiro ganha destaque nacional","Estudo sobre salinidade do solo sertanejo é apresentado em simpósio nacional de Geoestatística em 2013.",GvArucKMOJ.webp,"No ano de **2013**, o rigor científico do **Campus Salgueiro do IF Sertão-PE** ultrapassou as fronteiras de Pernambuco e alcançou destaque em um dos mais importantes fóruns acadêmicos do país.

A pesquisa intitulada _“Variabilidade espacial da salinidade do solo em área de agricultura irrigada”_, apresentada no **3º Simpósio de Geoestatística Aplicada em Ciências Agrárias** em Botucatu (SP), colocou nossa instituição no mapa da pesquisa tecnológica nacional. O trabalho foi fruto da dedicação dos professores Clóvis Ramos e Sandra Galvão, em parceria com o técnico Francisco Lopes, provando que o Sertão produz ciência de alta relevância.

### Ciência Aplicada ao Enfrentamento da Desertificação

O estudo, realizado no **Distrito de Pau Ferro**, em Salgueiro, mergulhou nos desafios da salinização do solo, um problema crítico para o semiárido. Os destaques metodológicos e institucionais incluíram:

- **Mapeamento de Precisão:** Análise de 120 amostras de solo cobrindo 40 hectares, identificando riscos severos de degradação.

- **Fomento e Parceria:** Apoio financeiro do **CNPq** e colaboração estratégica com a **UNESP**, unindo esforços para preservar o solo da bacia do rio Terra Nova.

- **Formação de Base:** Participação de estudantes bolsistas do curso de Agropecuária, permitindo que jovens técnicos vivenciassem a pesquisa de alto nível.


Os resultados apresentados em São Paulo forneceram ferramentas fundamentais para que produtores e gestores adotassem manejos sustentáveis. A pesquisa gerou frutos permanentes, como monografias e resumos científicos que hoje enriquecem o acervo da nossa biblioteca e servem de base para novos estudos regionais.

### Um Legado de Excelência e Responsabilidade Ambiental

Hoje, celebramos essa memória como um marco da nossa maturidade científica. A pesquisa de 2013 continua a nos inspirar a buscar respostas baseadas em dados para os dilemas da agricultura irrigada, reafirmando que o desenvolvimento do Sertão deve ser pautado pela ciência e pelo respeito ao solo.

> O IF Sertão-PE consolidou-se como um centro de referência em estudos de degradação ambiental, provando que a inteligência sertaneja está pronta para dialogar com os maiores centros de pesquisa do Brasil.

Que o exemplo dessa equipe continue a impulsionar nossos estudantes rumo ao universo da investigação. A história da pesquisa em nossa instituição é uma narrativa de rigor, ética e compromisso com o futuro sustentável do semiárido.

**Uma memória de destaque nacional que orgulha nossa comunidade e reforça a força do nosso compromisso com o saber!**","2025-09-16 16:30:48","2025-09-16 16:31:44","pesquisa, geoestatistica, agropecuaria, solo, sustentabilidade","Pesquisa e Pós-Graduação",0,2013
36,"Primeira aula prática de Tecnologia em Alimentos desperta empreendedorismo","Estudantes produzem biscoitos inovadores em 2013, unindo técnica e visão de mercado no Campus Salgueiro.",nN3tjld2dc.webp,"Em março de **2013**, o aroma de biscoitos recém-saídos do forno preencheu as instalações do **Campus Salgueiro**, marcando um dia histórico para o curso de **Tecnologia em Alimentos**.

Sob a orientação da professora Luciana Marques, as alunas do 4º semestre viveram sua primeira aula prática de **Tecnologia de Cereais**, transformando a teoria em uma experiência sensorial e empreendedora. Foi o momento em que a ciência dos alimentos revelou sua face mais prática, provando que a formação superior no Sertão caminha de mãos dadas com a inovação.

### O Sabor do Conhecimento e a Visão de Futuro

Antes de ""colocarem a mão na massa"", as estudantes mergulharam nos fundamentos teóricos e técnicos essenciais para a indústria. A aula prática envolveu:

- **Fundamentos de Panificação:** Estudo da fermentação e do papel de cada ingrediente na estrutura das massas.

- **Controle de Qualidade:** Aplicação rigorosa das Boas Práticas de Fabricação (BPF).

- **Criatividade no Cardápio:** Produção de biscoitos de champignon, parmesão e manjericão, explorando diferentes texturas e sabores.


Mais do que receitas, alunas como Débora Félix e Dionara Marins descobriram o potencial do tecnólogo como um **agente de inovação**. A experiência despertou o espírito empreendedor, mostrando que o conhecimento técnico é a base para quem deseja atuar em consultorias ou criar seus próprios negócios no setor alimentício regional.

### Do Laboratório para o Mercado

O contato direto com a produção real define a excelência do **IFSertãoPE**. A aula de 2013 permitiu compreender como cada etapa do processo influencia o produto final, garantindo que os egressos cheguem ao mercado com segurança para enfrentar desafios industriais e laboratoriais.

### Um Legado de Inovação e Empreendedorismo Alimentar

Hoje, ao lembrarmos daquelas primeiras fornadas, celebramos a trajetória de sucesso do curso. A memória dessa aula continua a inspirar novas turmas a buscarem a excelência técnica aliada à visão de mercado.

> O Campus Salgueiro consolidou-se como um polo de formação capaz de transformar a agroindústria regional, levando qualidade e inovação para a mesa da nossa gente.

A primeira aula prática de 2013 permanece como um símbolo de que a educação superior é o melhor ingrediente para o desenvolvimento do Sertão. Seguimos reafirmando nosso compromisso com uma formação integral, onde o saber técnico se funde ao espírito inovador para gerar oportunidades reais.

**Uma memória deliciosa de aprendizado e visão empreendedora que nos orgulha!**","2025-09-16 18:35:17","2025-09-16 18:35:17","alimentos, aula_prática, cereais, empreendedorismo, tecnologia","Ensino e Graduação",0,2013
37,"Ex-aluna de Edificações brilha em concurso da Univasf","Claudinéia de Oliveira, da primeira turma de Edificações, conquista destaque em concurso público em 2013.",iuxClARmEf.webp,"No ano de **2013**, o **Campus Salgueiro do IF Sertão-PE** celebrou uma conquista que simbolizou o sucesso da nossa missão educacional e a força da nossa primeira turma de formandos.

**Claudinéia de Oliveira**, técnica em Edificações formada na nossa instituição, alcançou o **2º lugar no concurso público da Universidade Federal do Vale do São Francisco (Univasf)**. Essa vitória não foi apenas um mérito individual, mas a prova cabal da qualidade e da competitividade dos profissionais formados no Sertão Central, mostrando que o ensino técnico federal abre portas para as mais prestigiadas carreiras públicas do país.

### Determinação e a Excelência do Ensino Técnico Federal

A trajetória de Claudinéia é um exemplo de resiliência e foco. Sua aprovação para o cargo de **Técnico em Laboratório** em Juazeiro (BA) foi o coroamento de um esforço contínuo que envolveu:

- **Conciliação e Foco:** Uniu o trabalho como agente de endemias aos estudos técnicos e superiores.

- **Aperfeiçoamento Constante:** Buscou formações complementares, como o curso de Cadista pelo Pronatec em nosso próprio campus.

- **Base Sólida:** Utilizou o ensino recebido no IF Sertão-PE como alicerce para competir em alto nível nacional.


O resultado, homologado no Diário Oficial da União, trouxe um sentimento de dever cumprido para docentes e técnicos. Para a egressa, a conquista representou a renovação de esperanças e o desejo de continuar avançando na jornada acadêmica, servindo de incentivo direto para os estudantes que hoje ocupam nossos corredores.

### O Impacto da Interiorização

O sucesso da primeira turma de Edificações em concursos e no mercado de trabalho é o melhor indicador do impacto positivo da interiorização do ensino federal. O IF Sertão-PE promove meritocracia e justiça social, transformando a vida de milhares de sertanejos através do saber de excelência.

### Um Legado de Sucesso e Inspiração Profissional

Hoje, celebramos a memória dessa conquista como um marco da nossa eficácia pedagógica. A história de Claudinéia continua a inspirar cada aluno que busca uma vida melhor através da educação.

> O diploma do IF Sertão-PE é mais do que um documento; é uma garantia de competência e ética profissional reconhecida pelo mercado e por instituições de renome.

O **Campus Salgueiro** reafirma seu compromisso de formar técnicos qualificados, capazes de contribuir para a infraestrutura e a ciência em todo o Brasil. Seguimos motivados, sabendo que cada egresso bem-sucedido é uma vitória coletiva da nossa comunidade acadêmica e do povo do Sertão.

**Uma memória de mérito e orgulho que fortalece nossa identidade como instituição de transformação!**","2025-09-16 18:58:04","2025-09-30 12:10:11","edificações, concurso, egresso, univasf, mérito",Institucional,0,2013
38,"Cursos do Campus Salgueiro são apresentados em São José do Belmonte","Encontro em 2013 reuniu cerca de 500 jovens para discutir profissões e oportunidades no IF Sertão-PE.",aGe5c3cRk6.webp,"No dia **24 de um ano que marcou a nossa expansão regional**, o **Campus Salgueiro** levou sua mensagem de esperança e oportunidade à cidade de **São José do Belmonte**.

Atendendo a um convite especial da Escola Walmy Campos Bezerra, uma equipe vibrante de professores e estudantes participou de um grande painel sobre profissões, reunindo cerca de **500 jovens** ansiosos por traçar seus caminhos. Foi um momento de intensa troca, onde o **IFSertãoPE** consolidou-se como o principal farol de formação técnica e superior para a juventude do Sertão Central pernambucano.

### A Educação como Ponte para os Sonhos da Juventude

O evento, que lotou a quadra da escola, foi uma oportunidade estratégica para apresentar o ecossistema de ensino federal. Os destaques da manhã incluíram:

- **Informações Vitais:** Detalhes sobre os cursos, sistemas de bolsas e as inúmeras oportunidades de estágio e pesquisa.

- **Relatos de Experiência:** Alunos do campus dividiram suas vivências acadêmicas, transformando dados técnicos em histórias reais de superação.

- **Desmistificação do Ensino:** O diálogo direto mostrou que o acesso a uma educação de qualidade mundial está ao alcance de todos os jovens da região, independentemente da origem social.

Professores esclareceram dúvidas sobre as carreiras de **Tecnologia em Alimentos, Agropecuária, Edificações e Informática**, apontando as tendências do mercado e como a instituição prepara os alunos para o sucesso. Cada olhar atento na plateia representava um futuro profissional começando a ser desenhado, fortalecendo a rede que conecta as cidades do Sertão em um projeto comum de desenvolvimento.

### Um Legado de Integração e Visão de Futuro

Hoje, relembramos aquela visita como um marco na nossa estratégia de interiorização e democratização do saber. A memória do painel em São José do Belmonte nos lembra que nossa missão vai além das fronteiras físicas de Salgueiro.

> O Campus Salgueiro orgulha-se de ser a ponte que liga os sonhos da juventude belmontense às oportunidades reais de uma carreira sólida e transformadora.

Seguimos com as portas abertas, incentivando cada jovem sertanejo a acreditar no poder da educação federal gratuita e de qualidade. Que o entusiasmo demonstrado naquela quadra escolar continue a motivar novas gerações a buscarem o **IFSertãoPE** como seu porto seguro para o crescimento intelectual.

**Uma história de união e compromisso com o futuro do povo pernambucano!**","2025-09-16 19:21:40","2025-09-30 12:04:15","divulgação, cursos, belmonte, ensino, juventude","Ensino e Graduação",0,2013
39,"Preparativos e expectativas: o EaD ganha força no IF Sertão-PE","Tutores e professores se reúnem em 2013 para planejar a democratização do ensino via EaD na região.",DbMo0Se4Lj.webp,"Em um momento crucial para a expansão do conhecimento no interior de Pernambuco, a memória do **Campus Salgueiro** registra as reuniões estratégicas que fortaleceram o **Ensino a Distância (EaD)** em 2013.

Tutores e professores de todos os campi reuniram-se no Campus Petrolina com um objetivo nobre: alinhar os detalhes pedagógicos e técnicos para garantir que a educação chegasse de forma acolhedora aos estudantes das cidades mais remotas. O EaD apresentou-se não apenas como uma modalidade de ensino, mas como a ferramenta definitiva para a democratização do saber e o desenvolvimento sustentável do Sertão.

### Educação Sem Barreiras e o Futuro do Aprendizado Remoto

Sob a coordenação de Hommel Almeida e outras lideranças, o encontro foi marcado por intenso planejamento. O foco estava em oferecer um suporte humanizado para jovens e adultos que encontravam no EaD a chance de realizar o sonho de uma formação de qualidade. Os pontos centrais do planejamento incluíram:

- **Suporte Humanizado:** Estratégias para acolher alunos que conciliam trabalho e estudo.

- **Plataformas Digitais:** Ajustes técnicos para garantir a fluidez do semestre iniciado em agosto de 2013.

- **Autonomia Acadêmica:** Fomento à inclusão de quem vive distante dos centros urbanos.


Para muitos sertanejos, essas reuniões traduziram-se na possibilidade real de unir a rotina familiar e profissional aos estudos técnicos e superiores. O EaD consolidou-se como um pilar de cidadania, permitindo que a ciência e a inovação chegassem onde o asfalto muitas vezes não chegava.

### Um Legado de Democratização e Autonomia Estudantil

Hoje, ao olharmos para a consolidação do EaD em nossa instituição, celebramos os pioneiros que planejaram cada passo dessa jornada. A memória daqueles encontros nos lembra que a educação de qualidade exige, acima de tudo, colaboração humana.

> O Campus Salgueiro orgulha-se de fazer parte desta rede que encurta distâncias e abre portas para milhares de pessoas que antes estavam à margem do sistema educacional.

O sucesso do EaD é a prova de que a tecnologia, quando aliada ao compromisso social, é um instrumento imbatível de progresso para o povo sertanejo. Seguimos aprimorando nossas metodologias, mantendo viva a chama da colaboração. A história do EaD no **IFSertãoPE** é uma narrativa de superação e acesso democrático, conectando sonhos por todo o Sertão.

**Uma memória de visão e compromisso que continua a iluminar o nosso futuro educacional!**","2025-09-30 15:33:15","2025-09-30 15:33:15","ead, planejamento, ensino, tutoria, democratização","Ensino e Graduação",0,2013
40,"Servidores do IF Sertão-PE fundam Seção Sindical do Sinasefe em 2013","Um marco histórico de união e fortalecimento dos direitos trabalhistas na trajetória do Campus Salgueiro.",ZT1eMqbcYm.webp,"Entre os corredores e salas do **Campus Salgueiro** e de toda a nossa rede, a memória do dia **19 de abril de 2013** ficará eternamente gravada como um passo decisivo para a dignidade profissional.

Naquela tarde, servidores de todos os campi reuniram-se no Auditório do Campus Petrolina para a Assembleia Sindical que fundou a **Seção do Sinasefe** (Sindicato Nacional dos Servidores Federais da Educação Básica, Profissional e Tecnológica) no **IFSertãoPE**. Foi um momento de união histórica, onde a categoria decidiu organizar-se para garantir que a voz de quem constrói a educação pública diariamente fosse ouvida e respeitada nos espaços de decisão.

### União, Diálogo e a Força da Organização Coletiva

A fundação da seção sindical contou com o apoio de representantes da Direção Nacional do Sinasefe e de entidades locais, trazendo um peso político fundamental para o encontro. Os marcos daquela assembleia incluíram:

- **Consciência Coletiva:** A eleição de uma Diretoria Provisória simbolizou o despertar de uma nova fase na defesa dos direitos trabalhistas.

- **Pautas Centrais:** A luta por melhores condições de trabalho e de ensino tornou-se o eixo principal da comunidade acadêmica.

- **Compromisso com o Futuro:** Para os servidores de Salgueiro, participar desse ato foi uma afirmação de que a excelência acadêmica é indissociável da valorização humana de técnicos e docentes.

A criação do sindicato local permitiu que as particularidades do Sertão Central e das demais unidades fossem levadas aos debates nacionais sobre a Rede Federal de Ensino. O Sinasefe tornou-se o canal oficial para o diálogo construtivo e para a resistência contra retrocessos, garantindo conquistas que beneficiam diretamente a rotina de trabalho e a qualidade do ensino oferecido aos estudantes.

### Um Legado de Justiça e Compromisso com a Educação

Hoje, ao lembrarmos desse marco histórico, celebramos a coragem dos pioneiros que fundaram a nossa seção sindical. A memória daquela assembleia de 2013 continua a nos inspirar a participar ativamente da vida política da nossa instituição.

> O Campus Salgueiro orgulha-se de fazer parte desta trajetória de lutas e vitórias que fortalecem o serviço público federal e garantem a sustentabilidade do nosso projeto educacional.

Seguimos valorizando a organização coletiva como ferramenta essencial para enfrentar os desafios do presente. Que a chama do sindicalismo ético e combativo continue a iluminar nossas ações, assegurando que o **IFSertãoPE** permaneça como uma casa de excelência e justiça para todos os seus servidores.

**Uma memória de luta, solidariedade e compromisso social que nos fortalece diariamente!**","2025-09-30 16:25:33","2025-09-30 16:28:32","sinasefe, sindicato, servidores, direitos, assembleia",Institucional,0,2013
41,"Homenagem a Paulo Garcez Leães: Onde o Mestre se fez Poesia e o Sertão se fez Lar","Passados dois anos de sua partida, este post celebra a trajetória luminosa do Professor Dr. Paulo Garcez Leães (1975–2024). Mais do que uma nota de saudade, é um mergulho na história do ""menino dos livros"" que saiu do Rio Grande do Sul para se tornar um pilar da educação no IFSertãoPE.",a4sdda4a34.webp,"Há pouco mais de dois anos, no dia **24 de janeiro de 2024**, o tempo parou para nós. O coração do nosso querido **Educador Dr. Paulo Garcez Leães** silenciou, mas o eco da sua existência continua a vibrar em cada canto deste Campus que ele tanto amou. Esta não é apenas uma lembrança de sua partida, mas uma celebração da luz que ele espalhou em seus 49 anos de vida

![image 01](/site/images/images/ya4adcza4a.webp)

> Paulo era o ""menino que não gostava de correr, mas que amava morar entre os livros"". Este olhar sereno atravessou fronteiras, partindo do seu Rio Grande do Sul para se tornar a alma pedagógica do nosso Sertão.

---
Doutor em Letras e eterno entusiasta do saber, Paulo transformou a educação em um ato de acolhimento. No IFSertãoPE, ele foi o braço forte do PROEJA e a mente brilhante por trás da nossa avaliação institucional, sempre com uma ética que nos **desafiava a sermos melhores** pela sua integridade. Ele não ocupava apenas um cargo; ele vivia um **propósito**.

Seus ensinamentos ultrapassavam os quadros e livros. Ele ensinava com o exemplo, com o ""jeito manso, sereno e paciente de ser"". Por sua dedicação inabalável, o **Auditório do Campus Salgueiro** hoje leva seu nome  um tributo eterno ao lugar onde sua voz tantas vezes nos guiou.

![image_02](/site/images/images/udfaxfr3a5.webp)

>A imagem da imortalidade acadêmica. Onde houve sua fala, agora haverá seu legado, inspirando as gerações que cruzarem este auditório.

---

Mas Paulo também era vento e estrada. O marido dedicado da nossa querida Cris, o guia de atletas cegos e o apaixonado pela liberdade que as duas rodas proporcionam. Ele entendia que a vida, assim como a educação, exige coragem para abrir os braços e sentir o mundo.

![image_03](/site/images/images/yadbd3a5vf.webp)

> Esta foto é o resumo da sua alma: livre e plena. Paulo viveu intensamente, com a coragem de quem sabe que a missão foi cumprida.

Suas cinzas hoje repousam entre o Sul e o Sertão, unindo as terras que ele tanto amou. Paulo voltou para o seio de Deus, mas permanece em nós como uma ""lembrança viva"".","2026-03-24 13:06:00","2026-03-24 19:06:00","luto, homenagem,paulo, garcez, Leães",Institucional,0,2026
